titre_normalise,frequence
collision aviaire,207
collision aviaire 36l,205
baisse np sslia np7 iso np9 sans impact operationnel,153
collision aviaire 35l,153
collision aviaire 36r,136
collision aviaire 35r,118
collision aviaire 18l,78
collision aviaire 18r,75
collision aviaire sur 36l,74
collision aviaire 17r,57
collision aviaire 17l,56
collision aviaire sur 36r,56
refus priorite avion au repoussage,52
collision aviaire - sans dommage - zone a,48
fod hydraulique,45
deroutement sur lys cause couvre feu gva,44
baisse np sslia np7 iso np9 - pas d'impact operationnel,44
fod,43
baisse np sslia np7 iso np9 sans impact sur le trafic,41
collision animale 36l,40
passagers indisciplines (paxi),38
fod - fuite hydraulique,27
collision aviaire sur 18l,25
deroutement sur lys cause meteo,24
paxi,24
fuite hydraulique,24
collision animale 18r,24
refus priorite avion au roulage,23
retour parking cause probleme technique,23
repoussage non conforme,23
fod sur piste,22
baisse np incendie en np7 - pas d'impact operationnel,20
collision aviaire sur 18r,20
deroutement sur lys cause urgence medicale,19
collision oiseau/avion sur 36r,19
deroutement sur lys cause malade a bord,18
passager indiscipline (paxi),18
remise de gaz - approche non stabilisee,17
refus de priorite avion au repoussage,17
refus de priorite avion au roulage,16
deroutement sur lys,16
collision mammifere,15
acces ligne frontiere ouverte,15
collision animale 36r,15
collision aviaire - non averee,14
fod sur r3,14
collision animale 35l,14
collision animale 18l,14
collision animale sur 36l,14
fod - sacs poubelles,13
materiel genant,13
probleme technique avion,12
fod sur td,12
materiel genant c21,12
rupture etancheite ligne frontiere,11
materiel genant c43,11
refus de priorite avion avec feux anticollision allumes,10
paxi a l'enregistrement,10
intrusion pax cote piste,10
deroutement sur lys cause couvre feu bsl,10
deversement kerosene,10
fod sur tl,10
fod sur aire de trafic,9
deroutements sur lys cause couvre feu gva,9
"probleme technique avion, retour parking",9
suspicion collision aviaire - non averee,9
encombrement zep,9
fod sur tj,9
collision aviaire 35l non signalee,9
collision animale,8
fod - bris de verre,8
entrave au degagement d'urgence de l'avitailleur,8
fod sur vca,8
paxi - en porte d'embarquement,8
encombrement voie essencier c83,8
fod sur ta,8
fod sur tango,8
collision aviare 36l,8
refus de priorite en d26,8
collision aviaire en 36l,8
collision animale sur 36r,8
recherche oiseau sur 36l,8
remise de gaz cause approche non stabilisee,7
filet de soute mal installe constate a l'arrivee a lys,7
remise de gaz approche non stabilisee,7
fod kerosene,7
erreur de chargement constatee a l'arrivee a lys,7
baisse np sslia np7 iso np9,7
collision aviaire au decollage,7
fod sur tc,7
passagers indisciplines (paxi) - covid,7
collision aviaire 35r non signalee par pilote,7
collision animale 35r,7
collision aviaire18l,7
materiel genant c23,7
fod sur taxiway,6
fod hydraulique - surface superieure a 1m²,6
erreur placement avion au parking,6
refus priorite avion avec feux anticollisions allumes,6
fod glycol,6
fod gasoil,6
fod - debris de verre,6
non respect du psi,6
probleme technique avion en vol,6
baisse np sslia np5 iso np9 sans impact operationnel,6
remise de gaz,6
fod sur route de service,6
paxi - passager indiscipline,6
collision aviaire - avec dommage - zone a,6
encombrement parking avion,6
fod - fuite kerosene,6
baisse np sslia np7 iso np9 avec impact sur le trafic,6
fod sur voie de circulation avion,6
dangerosite escalier passerelles t1b,6
fod sur r1,6
fod sur 36l,6
materiel genant b63,6
collision animale sur 18r,6
refus de priorite par vl,6
fod sur tf,6
collision oiseau/avion sur 36l,6
paxi a l'embarquement,5
fod sur piste 35l,5
mauvais placement avion,5
fod hydraulique - surface inferieure a 1m²,5
fod - deversement kerosene,5
crochet inoperant sur prise 400hz,5
deroutement sur lys cause probleme technique,5
materiel genant en zec,5
baisse du niveau de protection sslia,5
baisse np sllia np7 iso np9 sans impact operationnel,5
suspicion collision aviaire,5
approche non stabilisee,5
fod sur b83,5
fod sur b91,5
dysfonctionnement balisage,5
fod sur parking avion,5
telephone dans le psi,5
fod - kerosene,5
stationnement genant,5
fod sur piste 35r,5
baisse np sslia en np5,5
refus de priorite avion,5
t1,5
collision aviaire en 35r,5
fod sur d21,5
fod - poubelles,5
quasi-collision vehicule avec avion,5
collision animale 17l,5
etare,5
fod sur j41,5
collision aviaire sur 35r,5
pax au telephone pendant l'avitaillement,5
telephone pendant l'avitaillement,5
fod sur c81,5
collision aviaire36l,5
pax fume pendant l'avitaillement,5
collision aviaire18r,5
fod sur piste 36l,5
materiels genants,5
collision aviaire ras,5
presence d'oiseaux 36r,5
materiel genant sur zep,4
fod - visserie et boulonnerie,4
stationnement gse sur zone rassemblement,4
retour parking cause technique,4
fod - vegetal,4
paxi debarques,4
paxi - politique bagage,4
etat de veille sslia,4
probleme technique avion a l'atterrissage,4
suspicion collision aviaire - fod faune,4
collision entre gse et aeronef,4
erreur affectation parking,4
stationnement avion inapproprie,4
fod sur voie de service,4
fod liquide,4
fod en zec,4
materiel genant sur zec,4
refus priorite avion pret a repousser,4
fod sur voie de circulation,4
encombrement zec,4
fod non aeronautique,4
"refus de priorite avion au repoussage, par vehicule",4
refus priorite avion pret au repoussage,4
vol deroute sur lys,4
dysfonctionnement ddpis,4
collision aviaire - sans dommage,4
presence indesirable sur une aire,4
fod sur r2,4
erreur d'affectation parking avion,4
fod sur b4,4
fod sur c63,4
erreur de cheminement,4
fod fuite kerosene,4
fod fuite hydraulique,4
baisse np sslia en np7 iso np9 avec impact sur le trafic,4
volet ouvert,4
collision animale 17r,4
collision aviaire sur 17r,4
probleme de mosquito,4
refus de priorite vehicule avion,4
passagers au telephone pendant l'avitaillement,4
materiel genant en e17,4
materiel genant l'avitailleur,4
collision aviare 36r,4
etat d'alerte - probleme de volets,4
fod sur b93,4
collision aviare 18l,4
non respect des procedures de depart,4
materiel genant e11,4
fod sur ts,4
materiel genant c83,4
materiel genant c81,4
fod sur a7,4
fod sur 36r,4
fod sur t4,4
materiel stationne en zone ops,3
etat de veille sslia - probleme technique avion,3
retour parking avion cause paxi,3
"remise de gaz - approche interrompue, meteo windshear",3
refus de priorite avion au roulage - non avere,3
perte des minimas de separation,3
incursion piste par avion,3
fod carburant,3
escabeau positionne sur cheminement pax,3
repoussage non conforme - rupture fusible barre,3
deroutement sur lys cause meteo sur gva,3
perte de separation a la piste att/dec,3
conflit entre repoussage et roulage avions,3
repoussage dangereux,3
paxi debarque,3
fod - presence de visserie et boulonnerie,3
fod - gasoil gse,3
repoussage sans clairance,3
"repoussage non conforme, rupture fusible",3
decouverte trappe gpu ouverte a l'arrivee a lys,3
deroutements sur lys cause meteo a gnb,3
stationnement gse genant,3
decouverte d'un dommage sur aeronef,3
parking avion encombre de materiels,3
collision entre vehicules,3
fod sur r4,3
vol deroute sur mrs,3
coupure reseau informatique,3
casse fusible sur barre de repoussage,3
erreur de chargement,3
erreur de cheminement avion,3
"paxi - passager indiscipline, debarque",3
avion foudroye,3
sortie de piste,3
deroutement sur lys cause meteo a cmf,3
fod - poubelle,3
fod - carburant,3
fod sur d41,3
encombrement parking c83,3
fod sur c83,3
filet de soute vrac ouvert a l'arrivee a lys,3
materiel genant acces avitailleur,3
baisse np sslia np5 iso np9 sans impact sur le trafic,3
fod sur tb,3
fod sur l19,3
poubelle air arabia abandonnee sur l'aire de trafic,3
encombrement zec par materiel d'assistance en escale stationne,3
stationnement gse genant - gene au positionnement de l'avitailleur,3
baisse np sslia np7 iso np9 pas d'impact sur le trafic,3
dangerosite escaliers passerelles t1b,3
fod sur e17,3
baisse en np5 iso np7 avec impact ops np-1,3
baisse np sslia en np7 iso np9 sans impact operationnel,3
difficulte a joindre le pole trafic,3
materiel mal range,3
fod sur aire de trafic (poubelle compagnie),3
panne lecteur badge,3
collision aviaire - pas d'oiseau retrouve,3
tractage non conforme,3
probleme platine balisage,3
fumee moteur avion,3
collision aviaire 17r non signalee par pilote,3
collision aviaire lyn,3
fuite kerosene,3
fod poubelle sur aire de trafic,3
fod sur e11,3
fuite hydraulique sur loader,3
fuite hydraulique loader,3
fod sur b18,3
crevaison avion,3
fod sur e15,3
fod sur d23,3
refus de priorite,3
fuite hydraulique en d41,3
fod sur t3,3
fuite hydraulique sur l13,3
collision aviaire en 35l,3
fod sur c23,3
fod sur b71,3
fod sur d22,3
collision aviaire sur piste 17l,3
fod sur a32,3
intensite balisage 35r trop forte,3
lutte aviaire injoignable,3
erreur de repoussage en b16,3
fod sur tj.,3
fod sur piste 36r,3
fod sur a23,3
debordement de kerosene,3
fod sur j11,3
graviers sur a7,3
erreur de repoussage b10,3
materiel genant b73,3
materiel genant b93.,3
refus de priorite camionnette,3
materiel genant l13,3
collision animale sur 18l,3
vehicule coupe la route,3
materiel sur voie de circulation,3
collision aviaire 36r et 36l,3
vehicule coupe la route a un avion,3
recherche oiseau sur 18r,3
deversement kerozene en a23,3
collision vehicule/installation,3
circulation en trottinette electrique sur l'aire de trafic,2
baisse np sslia np7 puis np5 puis np7 iso np9 sans impact operationnel,2
probleme technique avion - etat d'alerte sslia,2
conflit lors d'un repoussage avec un autre avion au roulage,2
baisse np sslia np7 iso np9 - sans impact operationnel,2
baisse np sslia np7 iso np9 - avec impact operationnel,2
fod aeronautique - vis avion sur piste,2
fod - visseries boulonneries,2
dommage avion constate a l'arrivee,2
deroutement sur lys cause medicale,2
retour parking suite probleme technique,2
deroutement sur lys cause couvre feux a gva,2
paxi a l'arrivee,2
non respect des regles de securite pendant l'avitaillement,2
stationnement non conforme cause bosse,2
erreur de stationnement avion,2
retour parking avion cause probleme technique,2
fod - presence de boulonnerie,2
alarme incursion piste erronee,2
stationnement degivreuses sur zone de rassemblement,2
encombrement voie de circulation essencier,2
fod - visserie,2
fod - glycol,2
"fod - glycol, point de parking contamine apres degivrage",2
deroutement sur lys cause meteo sur cdg,2
probleme technique avion - etat de veille sslia,2
5 deroutements sur lys cause meteo sur gva,2
deroutement su lys cause meteo sur lyn,2
intrusion cote piste,2
suspicion eei,2
rapprochement aeronef suite remise de gaz,2
dysfonctionnement balisage travaux,2
retour terrain cause panne hydraulique,2
laser lors de l'approche,2
deroutement sur lys cause couvre feu sur gva,2
perte de separation a la piste att/att,2
deroutement sur lys cause meteo a gva,2
paxi - passager alcoolise,2
remise de gaz cause piste occupee,2
erreur de chargement constate a l'arrivee a lys,2
echauffement train d'atterrissage,2
deroutement sur lys cause meteo sur mrs,2
baisse np - intervention zva,2
fod bris de verre,2
fod carburant escalier mobile,2
stationnement gse en zec,2
stationnement gse sur zec,2
deroutement lys cause technique,2
deroutement lys cause couvre feu bsl,2
collision mammifere - hors horaires pra,2
4 deroutements sur lys cause taux zero mrs,2
deroutement sur lys cause couvre feu sxb,2
choc aviaire,2
depart de feu sur gse,2
deroutements sur lys,2
crevaison sur piste,2
retour parking,2
stationnement gse en zep,2
remises de gaz cause meteo,2
csa annuel,2
deroutement sur lys cause urgence medical,2
incendie en zva,2
retour terrain cause probleme technique,2
presence indesirable cote piste,2
fod - vis,2
etat d'alerte cause fumee a bord,2
fermeture tour de controle,2
marshalling non conforme,2
constat dommage aeronef a l'arrivee a lys,2
rapprochement entre avions en approche,2
fod en d61,2
incursion en zec,2
"decouverte d'un dommage sur aeronef, a l'arrive a lys",2
rapprochement entre aeronefs suite remise de gaz,2
retour terrain - probleme technique,2
probleme moteur avion,2
porte avion laisse ouverte sans surveillance,2
quasi collision entre aeronefs,2
fod aeronautique,2
incident lors du repoussage,2
pas de reponse sur frequence ops,2
push non conforme,2
"paxi a bord, debarque",2
probleme volet sur aeronef a l'atterrissage,2
perte de separation a la piste arr/dep,2
repoussage sans autorisation,2
depart contre qfu,2
filet de soute defectueux constate a l'arrivee a lys,2
conflit repoussage,2
attaque laser,2
fod - fuite hydraulique > 1m2,2
fod - deversement tinette,2
surcharge avion au depart de lys,2
fuite hydraulique avion,2
deroutements sur lys cause meteo a nce,2
degradation beton autour d'un regard,2
decouverte degradation en soute,2
loader circulant sur vca,2
fod sur routes de service,2
refus de priorite aeronef par vehicule,2
choc aviaire en piste - non avere,2
passage gse sous passerelle en mouvement,2
non respect des regles de conduite cote piste,2
incursion vehicule pendant repoussage,2
suspicion train d'atterrissage non verrouille,2
materiel genant sur parking avion,2
fod - piece metallique,2
debordement kerosene lors de l'avitaillement,2
"paxi - passagers indisciplines, debarques",2
degradation etat de surface parking avion,2
fod - sac poubelle,2
vehicule stationne dans la zec genant le debarquement pax,2
fod - hydraulique,2
odeur de brule dans un aeronef en vol,2
materiels stationnes hors zone apparaux,2
circulation sous passerelle en mouvement,2
passage derriere aeronef avec moteur tournant,2
alerte a la bombe,2
fod - tole de toiture,2
fod - projectile d'arme a feu,2
atterrissage helicoptere sur taxiway,2
materiels stationnes sur voie essencier c83,2
porte passerelle retrouvee ouverte,2
indisponibilite du sppa,2
refus de priorite avion au repoussage par camion avitailleur,2
passage tracma sous passerelle en mouvement,2
filet de soute retrouve ouvert a l'arrivee a lys,2
fod divers sur parking avion,2
retour terrain cause probleme de pressurisation,2
voie acces petrolier encombree,2
fod sur l'aire de trafic,2
fod sur b61,2
fod sur aire de manoeuvre,2
stationnement materiel genant,2
non respect clairance repoussage,2
probleme acces avitailleur,2
encombrement zone ops,2
non respect de la zec,2
petrolier stationne sur vca,2
fod - bouts de verre,2
probleme moteur,2
collision aviaire - zone a - non averee - hors aerodrome,2
decouverte dommage sur avion,2
non respect des regles de circulation,2
encombrement zone ops l11,2
baisse np sslia sans impact sur le trafic,2
fod sur k52,2
fod - fuite hydraulique sur gse,2
refus de priorite avion - arret repoussage,2
refus de priorite avion par vehicule,2
"passage de gse sous les passerelles, pendant traitement avion",2
stationnement genant b07,2
poubelle air arabia abandonnee cote piste,2
crochet manquant sur prise 400hz,2
utilisation du telephone dans le psi,2
fod 17r,2
vehicule sur zone de regroupement,2
fod sur c62,2
parking souille de glycol,2
ouverture porte cabine avant accostage du camion de catering,2
rupture etancheite ligne frontiere - trou dans cloture,2
fod l19,2
mauvais stationnement avion,2
incursion piste en b4,2
fod sur l15,2
materiels stationnes sur zone ops,2
mauvais placement avion d43,2
tentative d'intrusion cote piste,2
fod - fuite hydraulique loader,2
fod aeronautique sur piste,2
materiels mal stationnes sur les differents parkings avions,2
passager indiscipline - paxi,2
baisse np sslia np5 iso np9 avec impact sur le trafic,2
fod sur j39,2
fod sur c61.,2
interruption repoussage suite rupture fusible,2
baisse en np7 iso np9 avec impact ops np-2,2
approche cat ii desaxee,2
stationnement genant - vehicules phmr,2
informations parkings erronees sur radar sol,2
baisse np sslia en np7 iso np9,2
passager indiscipline (paxi) - accompagnant,2
rupture etancheite ligne frontiere - volet tapis bagages,2
repoussages non conformes,2
fod - poubelle aire de trafic,2
fod sur j33,2
baisse np7 en np5 avec impact ops en np-2,2
probleme de train d'atterrissage - etat d'alerte,2
ouverture ugis t2 et t1b,2
collision aviaire 35r non signalee,2
survol de drones,2
fod - debris nidifications,2
materiel sur zone ops,2
plan de vol introuvable sur dman,2
fod debordement kerosene,2
refus de priorite a un avion - quasi-collision,2
dysfonctionnement papi 17r,2
fod - poubelles air algerie,2
probleme barre d'arret,2
incursion piste vehicule sslia,2
roulage non conforme,2
dysfonctionnement croix de saint andre,2
fod deversement gasoil,2
fod sac poubelle,2
positionnement avion et roulage dangereux,2
etat d'alerte - odeur de brule a bord,2
etat de veille - probleme technique,2
fod sur l17,2
fod sur b73,2
avion stationne sur plot helicoptere,2
fuite hydraulique en j11,2
quasi-collision vehicule assistant avec avion,2
impact foudre,2
fuite hydraulique en j14,2
fod sur j19,2
fod sur j13,2
fuite de kerosene en d63,2
etat de veille,2
choc avion,2
fuite hydraulique e13,2
fod sur piste 17r,2
fod sur d43,2
refus de priorite vehicule sur avion en d61,2
collision avaire 35r,2
tracma sous event,2
entree en zec sans autorisation des essenciers,2
refus de priorite vehicule sur avion en d21,2
fod sur a21,2
fod sur piste 34,2
collision aviaire sur piste 34,2
fod sur a3,2
fuite hydraulique en c21,2
collision aviaire sur 35l,2
fuite hydraulique en l11,2
fuite hydraulique en j15,2
fod sur ligne de guidage c41,2
refus de priorite avion par vl,2
bouchon reservoir avion endommage,2
erreur sur loadsheet,2
fod sur b81,2
materiel mal positionne,2
pax au telephone pendant avitaillement,2
probleme mosquito,2
fuite d'huile sur c21,2
materiel genant sur voie de circulation,2
fuite hydraulique ezy,2
nombreux fod en c81,2
fuite hydraulique en d21,2
collision aviaire 18r.,2
fod sur a36.,2
fod sur c61,2
collision aviaire 18l.,2
fod sur d21.,2
fuite hydraulique en c61,2
debordement de kerosene en c81,2
visibilite du marquage en b61,2
fod sur voie de service.,2
etat d'alerte - probleme hydraulique,2
effets de souffle en a29,2
refus de priorite en d23,2
erreur de repoussage en b10,2
probleme de degivrage en c61,2
non respect des procedures de repoussage en b61,2
etat d'alerte - fumee a bord,2
avion mal positionne d21.,2
repoussage non conforme en b61,2
fod sur d27,2
fuite de kerosene,2
dysfonctionnement mosquito,2
debordement de kerosene en c63,2
fod sur 18r,2
cailloux sur td,2
debordement de kerosene en b73,2
collisions aviaire sur 36l,2
collision aviare 18r,2
fod sur a36,2
collision aviaire 36r.,2
fod sur c83.,2
refus de priorite par essencier,2
visibilite marquage ta,2
collision aviaire 18 r,2
fod sur 18l,2
collision aviaire sur piste 18r,2
collision aviaire en 18r,2
fuite hydraulique c83,2
refus de priorite vehicule,2
materiel genant b93,2
materiel genant b71,2
erreur de repoussage,2
allumage des feux anti-collision pendant l'avitaillement,2
non respect des consignes de repoussage,2
stationnement interdit des avitailleurs au satellite t3,2
fod sur tl.,2
materiel genant b91,2
materiel genant c63,2
collision avion - barre de push,2
stationnement dangereux des camions avitailleurs,2
materiel genant b81,2
materiel genant c63.,2
push non conforme b93,2
morceaux d'enrobe sur piste 36r,2
materiel genant l11,2
collision animal,2
materiel genant c23.,2
repoussage non conforme c81.,2
collision aviaire sur la 18r,2
collision aviaire sur la 36l,2
collision aviaire sur piste 36l,2
fod sur t7,2
gravillons sur ts,2
fuite kerozene,2
refus de priorite par 2 camions,2
materiel genant en delta,2
materiel sous passerelle c43,2
fod sur t6,2
vehicule coupe la route a l'avion,2
fuite hydraulique en c81,2
gravillons sur a7,2
recherche d'oiseau 36r,2
balise laterale cassee sur 36r,2
collision animale sur t4,2
fod sur a6,2
pax avec cigarette,2
presence d'oiseaux sur 36l,2
fod sur aire de man,2
repoussage non respect des regles.,2
presence d'oiseaux 36l,2
recherche de lapin 18r,2
deversement kerosene en c81,2
voiture coupe la route a un avion,2
collision oiseau 18l,2
collision animal sur 18r,2
collision animal sur 36r,2
"telephone pendant l,avitaillement",2
qrp vol dus,2
qrp vol af,2
accident vl/installation,2
recherche oiseau sur 36r,2
recherche oiseau suite collision,2
collision oiseau/avion sur 18r,2
collision oiseau/avion sur 18l,2
fuite fioul materiel af,2
collision tracma/installation,2
evt/26/2419 refus priorite avion vehicule newrest,1
trappe carburant non scellee - night stop,1
laser lors de la montee,1
gse stationne sur zec,1
fod kerosene - surface superieure a 1 m²,1
retour parking cause verification technique,1
tournevis sur r3,1
fod - bris de verre sur aire de trafic,1
fod faune,1
etat d'alerte sur piper 28,1
mauvais placement avion e11,1
deroutement su lys cause meteo,1
collision gse avec aeronef,1
fod hydraulique - fuite d'huile avion surface <1m2,1
materiel genant sur zec et zep,1
crevaison aeronef a l'atterrissage,1
deroutement su lys cause malade a bord,1
non respect des consignes de securite du help,1
paxi cause invalidite des documents,1
fod hydraulique - fuite d'huile,1
refus de priorite aeronef au repoussage par vehicule sslia,1
fod hydraulique - deversement kerosene surface superieur a 1m2,1
fod hydraulique - fuite carburant escabeau,1
passerelle mal rangee,1
balise taxiway cassee,1
non-respect des consignes au roulage - rapprochement dangereux entre deux aeronefs,1
fumeur sur aire de tra en dehors des zones autorisees,1
fod fuite gasoil - surface superieur a 1m²,1
absence passerelle pour intervention sslia a bord,1
fod hydraulique - taches au sol,1
suspicion collision aviaire hors aerodrome,1
fod - cigarette electronique sur a1,1
fod hydraulique - fuite avion,1
stationnement gse sur zone de rassemblement,1
fod - piece metallique sur j35,1
vehicule aviapartner en dehors des voies autorisees,1
presence d'un pax sur l'aire de tra sans surveillance,1
deroutement sur lys cause meteo a cfe,1
deroutement sur lys cause meteo a nte,1
deroutement sur lys cause technique,1
fod hydraulique - fuite gse,1
remise de gaz cause approche non conforme,1
perte minimas de separation a la piste,1
remise de gaz suite approche non stabilisee,1
possible collision entre avion et escabeau - non avere,1
deroutement sur lys cause meteo a mrs,1
fod - grillage coupe,1
fod - debris metallique sur parking mike,1
absence totale d'indication de parking,1
collision avion escabeau,1
avion bloque et ne pouvant se placer correctement sur l17,1
remise de gaz - rapprochement de deux aeronefs,1
remise de gaz - alarme systeme a bord,1
remise de gaz - probleme altimetre,1
refus d'utilisation ambulift cause alerte vent fort,1
fod barre metallique sur aire de trafic,1
defaut manipulation passerelle,1
collision entre vehicule et aeronef - dommage avion,1
marshalling non conforme - confirmation avion cale non donnee a l'equipage,1
fod carburant - surface superieure a 1m²,1
fod - presence corps etranger dans un pneumatique,1
fermeture a4 avec notam sans coordination avec sna - travaux sag,1
erreur d'affectation parking atc,1
crevaison pneumatique avion a l'arrivee,1
sortie de piste dr400,1
fod - presence de visserie,1
6 deroutements sur lys cause meteo a cmf,1
deroutement sur lys cause meteo a dje,1
configuration du parking empechant le bon positionnement des escabeaux,1
zone ops encombre empechant l'avitaillement d'un vehicule avitailleur,1
"fod - lames d'amortisseur, sur aire tra",1
passerelle non mise en garage,1
fod - debris de verre en zec,1
lrst - rex evenements de securite 2025,1
5 deroutements sur lys cause fermeture espace aerien gva,1
rambarde escabeau avant non deployee,1
fod - goupille,1
"probleme technique avion - train d'atterrissage, etare",1
approche finale interrompue,1
possible fod liquide,1
comite securite aire de trafic - programme de controle des fod,1
fod - fusible push - presence d'une goupille de barre de push dans pneumatique,1
chargement bagage non conforme,1
dysfonctionnement mosquito/asmgcs,1
dysfonctionnement farms / path management,1
collision entre aeronef et infrastructure,1
defaillance de la barre d'arret commandable b4 - non avere,1
"fod - glycol, procedure de degivrage et anti-givrage",1
perte des minimas de separation a la piste entre att/dec,1
fod kerozene - surface inferieure a 1 m²,1
repoussage sans clairance (contact radio),1
probleme technique avion - crevaison sur piste,1
contact visuel pendant refuelling bloque par placement d'un ambulift,1
collision entre gpu et trappe 400 hz,1
procedure de repoussage,1
7 deroutements sur lys cause meteo a cdg/ory,1
probleme technique avion - frein,1
deroutement sur lys cause fermeture piste gva,1
3 deroutements sur lys cause meteo a cmf,1
stationnement gse sur zep,1
2 deroutements sur lys cause meteo a nte,1
3 deroutements sur lys cause couvre feu a gva,1
probleme technique avion - fumee a bord - etat d'alerte sslia,1
incursion aire de manœuvre,1
fod - materiel en zec,1
fod - detritus,1
deroutement de 7 vols sur lys cause episode neigeux sur ory,1
baisse du np sslia np5 a np2 cause tache annexe,1
fod - presence de rivet,1
fod - visseries boulonneries dans pneumatique,1
deroutement sur lys cause probleme technique - suspicion de feu dans le cockpit,1
parking non adapate au type avion,1
mauvais placement avion d63,1
encombrement voie de circulation essencier - non averee,1
deroutement su lys cause couvre feux sur gva,1
fod - presence de visserie dans pneumatique,1
agents essenciers souffles par helicoptere,1
collision entre help et mur du satellite,1
depart de feux sur aeronef,1
passager ayant acceder a l'avion malgre refus d'embarquement,1
non respect des regles de circulation cp par help,1
deroutement sur lys cause meteo a ebu,1
"fod jet-a1 - epandage, surface superieure a 50m²",1
dysfonctionnement alarme incendie sslia,1
baisse du np sslia en np0 - sans impact operationnel,1
fod vegetal,1
remise de gaz - piste occupee,1
"fod - deversement kerosene (ordre de plein non conforme), surface superieure a 1m²",1
incendie loader en zone apparaux,1
deroutement sur lys cause couvre-feu sur gva,1
deroutement sur lys cause probleme technique avion,1
deroutement sur lys cause meteo sur cmf,1
suspicion presence de drone,1
deroutement sur lys cause meteo sur lyn,1
remise de gaz - rapprochement en finale,1
baisse np - tache annexe,1
fod - clou,1
deroutement su lys cause probleme technique avion,1
probleme technique avion - defaut circuit hydraulique,1
retour parking cause bagage soute embarque sans le pax,1
retour parking avion cause pax malade,1
rapprochement de deux aeronefs - remise de gaz,1
fod - rivet,1
roulage non conforme - feux anticollision eteints,1
collision animaliere,1
probleme technique avion fumee dans l'aeronef - intervention sslia,1
probleme communication adl/sna (intervention glide 35l),1
erreur placement avion,1
probleme technique avion - panne electrique et radio,1
deroutement sur lys cause paxi,1
dysfonctionnement balisage travaux - non avere,1
avion bloque sur piste - a4 ferme pour travaux,1
fod - flamme,1
retour parking aeronef,1
fod - boulons,1
remise de gaz - vent arriere,1
croisement de flux passagers,1
donnees meteo indisponibles - cable sectionne,1
collision passerelle avec chariot,1
fod - visserie boulonnerie,1
probleme technique avion - etat d'alerte niveau 3,1
deroutement sur lys cause meteo a bod,1
probleme technique avion fumee dans cockpit - etat d'alerte sslia,1
suspicion de collision aviaire,1
deroutement sur lys couvre feux bsl,1
roulage avion non conforme,1
retour terrain cause probleme technique - etare niveau 1,1
retour parking avion cause panne moteur,1
incursion piste par avion et acceleration-arret,1
presence drone,1
fdo liquide hydraulique - fuite hydraulique loader,1
groupe de travail rh/sgs/managers,1
probleme technique avion - givrage carburant et etat alerte sslia,1
collision aviaire - fod faune,1
non respect des regles de circulation cp,1
fod bris de verre pare-brise vehicule,1
fod huile train avant avion - surface superieure a 1m²,1
gene au pilote lors du marshalling par un vehicule,1
qrf - probleme hydraulique avion,1
gene du marshaller par 2 vehicules en circulation sur la route de service,1
fuite huile moteur - gpu,1
fod - piece metallique en plomb,1
push and hold non effectue,1
incursion avion sur voie de sortie de piste,1
reprise peinture zone de toucher des roues 17l,1
collision uld aeronef (porte cargo) lors du chargement,1
"fod (boulons, cordes, sangles, dechets plastiques, ...)",1
fod aeronautique - ecrou sur piste,1
fod sur axe de piste,1
fod gasoil - fuite escabeau,1
degradation de l'etat de la surface en j39,1
evt/25/9566 trajectoire avion coupee par un vehicule de service a lys,1
quasi-refus priorite avion au roulage,1
interruption repoussage cause conflit avec avion au roulage,1
"remise de gaz - approche non stabilisee, vent de travers",1
"fod gasoil - fuite push, surface superieure a 1m²",1
"fod gasoil - fuite gse, surface superieur a 1m²",1
non respect du psi - utilisation du telephone lors de l'avitaillement,1
repoussage non conforme - interruption en raison d'une panne de push,1
procedure push non respectee par le mecanicien a bord,1
remise de gaz - probleme technique avion,1
acceleration-arret,1
remise de gaz - perte des minimas de separation,1
fod gasoil - fuite/deversement,1
"fod jet-a1 - deversement avitaillement, surface inferieure a 1m²",1
"avion stationne et non haubane, deplace sur le parking par le vent",1
fod deversement jet-a1 - inferieur a 1m²,1
acces pax dans un mauvais avion,1
refus de priorite avion au repoussage - non avere,1
probleme ddpis - systeme indisponible,1
etat de veille sslia - probleme aeronef elevation temperature huile moteur,1
remise de gaz initiative atc cause axes croises,1
suspicion collision entre escabeau et aeronef - non avere,1
"fod hydraulique - fuite escabeau, surface inferieure a 1m²",1
deroutement sur lys cause couvre feu sur bsl,1
"fod - huile, surface superieure a 1m²",1
fod aeronautique - bouchon de reservoir,1
evt/25/8278 vehicule catering newrest coupe la trajectoire avion,1
escalier mobile avec rembardes arrieres non deployees,1
2 deroutements sur lys cause couvre feu bsl,1
interference d'un roulage aeronef avec un vehicule - non avere,1
dysfonctionnement declenchement barre d'arret b9 - non avere,1
indisponibilite du pra,1
fod carburant - deversement gpu,1
morceaux de betons sur point de parking,1
fod aeronautique - goujon de fermeture a quart de tour,1
gene au repoussage par charlatte passant derriere le tpx - non avere,1
fod - bidon en plastique,1
retex - incendie entre piste,1
non respect des regles de securite lors de l'avitaillement,1
fod - vis sur aire de manœuvre,1
etat de veille sslia suite probleme technique avion,1
suspicion collision animaliere,1
groupe de travail sgs adl/tiers - utilisation des cuves de ravitaillement + refus d priorite aeronefs,1
donnees mto instrumentales indisponibles,1
decollage sans allumage du balisage,1
fod piece metallique sur vca,1
regard deteriore sur vca,1
paxi a l'arrivee du vol,1
fod gaine electrique cablee en c62,1
quasi-collision entre camion hop et plateforme pmr,1
fod - fuite hydraulique sur escabeau < 1m2,1
odeur a bord,1
remise de gaz cause perte des minimas de separation,1
fod - anneau metallique,1
paxi apres l'arrivee du vol,1
remise de gaz cause vent,1
repoussage non conforme - deconnexion de la barre de push,1
stationnement chariots sur zep,1
"hum ""endommage"" constate a l'arrivee",1
escalier mobile non stabilise,1
fod mousse de fond de joint,1
repoussage sans feux anticollision,1
paxi - passagers indisciplines a l'enregistrement,1
fod - fuite kerosene > 1m2,1
fod - fuite huile > 1m2,1
passage tapis derriere passerelle en mouvement,1
tentative d'intrusion dans cockpit en vol - retour terrain,1
trous en formation et depart de materiaux sur taxiway tango 1,1
atterrissage pan pan pan,1
"refus de priorite aeronef au poste, feux anti collisions allumes",1
deversement jet-a1 par event d'aile : 50m2,1
deroutement lys cause couvre feu gva,1
degradation surface vca tango,1
"remise de gaz, approche non stabilisee",1
fod - fuite gasoil gse > 1m2,1
defaut prise 400hz,1
grillage coupe,1
baisse de niveau de protection incendie en np7 - sans impact operationnel,1
crevaison avion au roulage sur vca t4,1
collision gse passerelle,1
tapis bags stationne en zec,1
fod - barre de tractage sur vca ta,1
recuperation fod,1
baisse np sslia np1 cause intervention en zva pour degagement de fumee,1
refus de priorite avion avec feux anti-collision allumes pour repoussage,1
collision aviaire - doublon avec fne n°0643,1
collision aviaire - doublon avec fne n°0684,1
remise de gaz cause faune aviaire,1
absence de formation pour le repoussage au casque,1
injoignabilite de l'assistant via les lignes telephoniques,1
fod rivets,1
avion bloque a3,1
personnels sans gilets haute visibilite,1
absence de formation marshaller,1
2 deroutements sur lys cause panne radar sud angleterre,1
fod - presence de visserie et boulonnerie dans les pneumatiques,1
probleme lors d'un tractage,1
paxi en porte d'embarquement,1
divergence entre tsat panneau d'information et atc,1
interruption repoussage cause conflit avec roulage avions,1
fod huile sur aire de trafic < 1m²,1
degagement d'urgence essencier encombre par charlatte,1
interruption d'un tractage avion,1
paxi suite refus d'embarquement,1
msaw quasi-cfit finale rnp 35r,1
2 remises de gaz cause vent arriere,1
stationnement barre de push sur zep,1
stationnement charlatte en zec,1
escabeau stationnement sur cheminement pieton,1
collision entre palette et aeronef lors du chargement,1
fod vis sur l15,1
erreur affectation poste avion,1
vehicule sur route entrepiste sans mosquito,1
erreur placement poste avion,1
fod sac sur d63,1
deversement kerosene lors de l'avitaillement superieur 1m²,1
incendie sur l'aire de manoeuvre,1
clearance approche rnp34 non conforme,1
remise de gaz initiative atc,1
paxi refus d'enregistrement pmr cause wcbd non conforme,1
paxi lors reconciliation identitaire,1
paxi suite politique bagage,1
paxi suite annulation,1
degagement d'urgence avitaillement encombre,1
paxi intimidation suite refus d'embarquement,1
feu de balisage lateral piste casse,1
fod deversement cuve a gasoil,1
engin de piste stationne sur point de rassemblement,1
poussette stationne sur la route de service / marque stop,1
engins de piste stationnes sur zone operationnelle,1
pushback stationne sur voie essencier,1
aeronef en panne sur taxiway,1
remise de gaz cause perte des minimas,1
quasi-incursion de piste avion,1
conduite imprudente tracma bhs - non averee,1
fod fuite de liquide de refroidissement,1
alerte a la bombe en vol,1
2 deroutements sur lys cause couvre feu gva,1
collision entre tracma et barriere parif,1
deroutement cause meteo,1
batteries avion dechargee,1
vis sur piste,1
retour terrain cause meteo,1
refus priorite avion au poste avec feux anticollision,1
passerelle non mise en garage - non avere,1
probleme radio vehicule,1
baisse de np sslia pour cause intervention zva,1
mauvaises conditions meteo sur lys,1
avion immobilise suite a crevaison,1
baisse de niveau de protection sslia,1
retour parking cause panne apu,1
feu de vegetation au sud du terrain,1
panne moteur au point d'attente,1
deroutement sur lys cause refuse a lyn,1
alarme iso nivelage sur passerelle,1
agent renverse par gse,1
dysfonctionnement papi,1
fod cailloux sur la piste,1
deroutements sur lys cause meteo sur paris,1
circulation sur vca,1
deroutement sur lys cause emergency sur piste a mrs,1
projection fod,1
remises de gaz,1
incendie cote piste,1
fod deversement tinettes,1
feu d'artifice dans l'approche,1
baisse niveau de protection sslia,1
defaut iso nivelage passerelle,1
choc boudin escabeau/fuselage,1
probleme capteur meteo,1
collision aviaire avec impact operationnel,1
entree m12 difficile suite travaux,1
degagement de fumee en zva,1
gse trop pres d'un moteur avion au demarrage,1
roulette de nez ecrasant les cales,1
gene lors du marshalling,1
fod - presence de visserie et boulonnerie vehicule avitailleur,1
faiblesse plaque d'egout j41,1
fod cones de signalisation,1
baisses np sslia np7 iso np9 sans impact operationnel,1
sorti de piste d'un avion a l'atterrissage,1
probleme train d'atterrissage,1
panne radio sur un avion au sol,1
lrst annuelle,1
probleme moteur en vol,1
paxi - passagers alcoolises debarques,1
tiers non accompagne sur l'aire de manœuvre,1
retour parking cause crise de panique a bord,1
porte avion frotte rambarde escabeau lors de son ouverture,1
deroutement sur lys cause malaise,1
encombrement zone d'evolution passerelle d41,1
fod liquide en c83,1
stationnement non conforme vehicule assistance,1
extincteur en surpression a bord d'un aeronef,1
escale pour recuperer des passagers sans arret moteurs,1
quasi chute en hauteur,1
fod - fuite de jet-a1 sur vol tkj082,1
dommage filet de soute,1
fuite de carburant escabeau,1
refus priorite avion avec feux anticollision allumes,1
deroutement sur lyn cause probleme technique avion,1
"paxi - passagers indisciplines a bord, debarques",1
deroutements sur lys cause meteo sur cdg et ory,1
fod hydraulique sur piste,1
fod morceaux de betons,1
feu de voiture cote piste,1
erreur loadsheet,1
porte acces cote piste ouverte,1
push sans autorisation,1
fod - ballon de foot,1
collision escabeau avec avion - sans dommage,1
baisse du niveau de protection incendie 7 - pas d'impact operationnel,1
avion immobilise sur taxiway - echauffement de train,1
potentiel risque surete - indisponibilite gta la nuit,1
circulation en zec non conforme - vehicule assistance pmr,1
acceleration arret,1
remise de gaz cause ans (approche non stabilisee),1
refus priorite avion au roulage - incursion pendant marshalling entre avion et marshaler,1
retour terrain - fumee a bord,1
arret du marshalling car vehicule mal stationne,1
refus de priorite aeronef par vehicule lors du repoussage,1
defaut d’affichage sur indicateur vent,1
collision passerelle avec une poussette a bagages,1
fod en b73,1
porte avion laissee ouverte sans surveillance,1
paxi debarque a l'arrivee a lys,1
absence de batons lumineux pendant le marshaling,1
baisse np sslia np7 puis np5 iso np9 sans impact operationnel,1
degradation revetement sur tango au niveau de td,1
fod non aeronautique sur tango (aire de manœuvre),1
alerte foudre non respectee,1
"deroutement sur lys, cause probleme technique avion",1
alarme a bord lors du decollage,1
suspicion probleme technique avion - retour parking,1
pieton sur passerelle en mouvement,1
collision palette aeronef lors du chargement,1
fod crevaisons de pneumatiques vehicules,1
depart de feu,1
parking / chemin vers le travail non securise,1
"vehicule mal stationne, empechant acces au point de stationnement",1
paxi en zone d'embarquement,1
suspicion fumee a bord,1
fod sur piste - non aeronautique,1
collision aviaire en vol (hors aerodrome),1
conflit entre deux avions lors d'un repoussage,1
gse mal stationne,1
fod - zone apparaux,1
acces d'un pax dans un avion hors embarquement,1
rapprochement entre avions en vol,1
decouverte trappe gpu ouverte et filet de soute ouvert a l'arrivee a lys,1
decouverte filet de soute non attache a l'arrivee a lys,1
dommage sur la porte de cabine 2l,1
porte soute cargo ouverte au decollage,1
decouverte poignee porte de soute mal verrouillee a l'arrivee a lys,1
chute d'un akh,1
zone ops encombre empechant le degagement d'urgence vehicule avitailleur,1
presence d'un charriot bagages zone ops j37-j35,1
garde corps escabeau pax laisse ouvert,1
nid d'oiseaux dans apu,1
probleme chargement fret,1
dommage aeronef lors du chargement fret,1
pietons sur aire de trafic,1
vehicles not stopping crossing in front of the plane during taxi,1
deroutements sur lys cause meteo cmf,1
presence indesirable sur trajectoire de souffle avion,1
retour terrain cause malade a bord,1
retention de glycol sur parking avion - situation a risque,1
arret avitaillement - entrave au degagement d'urgence,1
fod - piece en fonte,1
gene au push,1
entrave au depart d'urgence de l'avitailleur,1
atterrissage avec pare brise fissure,1
baisse np incendie np7 - sans impact ops,1
"refus priorite aeronef au roulage, par vehicule",1
etat de la surface des aires - plaque d'egout degradee,1
choc entre vehicules,1
affichage vent intermittent,1
pas de reponse a la frequence ops,1
fod - fuite hydraulique gse,1
passerelle telescopique mal stationnee,1
refus de priorite aeronef par camion avitailleur lors du repoussage,1
deversement kerosene lors de l'avitaillement ein553,1
abaissement de niveau suite a intervention en zva ( zone voisine d'aeroport),1
"avion immobilise sur la piste, crevaison",1
helicoptere stationne sur vca,1
decouverte impact bord d'attaque aile a l'arrivee a lys,1
avion immobilise sur la piste,1
probleme de train a l'atterrissage,1
decouverte dommage a l'arrivee a lys,1
fod aeronautique sur aire de manœuvre,1
collision entre gse lors du traitement avion,1
ake deplace par le vent,1
"defaut de positionnement escabeau pax, risque de chute",1
survol drone,1
collision aviaire au decollage d'un vol ifr,1
"deroutement sur lys, malade a bord",1
pannes informatiques,1
baisse np sslia np0 iso np5,1
fod bris de glace sur vehicule,1
signalement tdz engomme,1
essais moteur non conforme a la procedure exploitant,1
panne informatique,1
fod - degradation beton autour d'un regard,1
odeur de fumee en soute,1
suspicion fumee a bord - non avere,1
incursion vehicule sur l'aire de manœuvre,1
decouverte trappe gpu deformee,1
collision aviaire lors de l'approche (hors aerodrome),1
fod sur voie de circulation voiture vers tj,1
fod - presence d'une piece metallique,1
collision aeronef vehicule avitailleur,1
fod sur aire detrafic,1
filets de soute retrouves ouverts a l'arrivee a lys,1
paxi - passager violent physiquement avec les agents,1
probleme sonde givrante,1
pneus tp gauche endommages,1
fod deversement tinette,1
degradation zone betonnee j35,1
deversement kerosene lors de l'avitaillement,1
positionnement passerelle,1
odeur de carburant en vol,1
decouverte dommage en soute a l'arrivee a lys,1
quasi incursion servitude piste par avion venant d'atterrir,1
dysfonctionnement d'un systeme de bord,1
"rapprochement entre aeronefs, rattrapage en finale",1
difficulte au roulage,1
probleme technique crna d'aix,1
vent de travers,1
decouverte d'un dommage sur avion a l'arrivee a lys,1
baisse np sslia np7 puis np5 iso np9 avec impacts operationnels,1
vents forts,1
farms et path management hs,1
passerelle prepositionnee pour gros porteur,1
escabeau dans la zep,1
constatation de rayures lors de l'escale suivante,1
fod - ecrou,1
probleme balisage - non avere,1
probleme avion pendant repoussage,1
deroutements sur lys cause meteo gnb,1
retour parking cause operationnelle,1
embarquement pax sans scan de leurs cab,1
fod divers au pied des passerelles c63/61,1
remise de gaz suite destabilisation en finale,1
remise de gaz cause cisaillement de vent,1
rapprochement anormal entre avions,1
quasi incursion piste par avion suite atterrissage,1
quasi incursion piste par avion en final,1
chargement en soute trop haut constate a l'arrivee a lys,1
poignee de soute mal securise et erreur de chargement constate a lys,1
trappe de service mal verrouillee a l'arrivee a lys,1
fod - sac poubelles,1
conflit entre avions sur l'aire de trafic,1
deroutements massif sur lys,1
vibrations moteur en vol,1
feu sur avion,1
fod deversement kerosene,1
erreur dans les calculs du devis de masse et centrage,1
deroutement sur lys cause meteo gnb,1
chute d'un equipement catering,1
vols cmf deroutes ou recales sur lys,1
probleme radar sol,1
non respect du degagement d'urgence avitailleur,1
probleme asmgcs,1
alarmes asmgcs incursions - non averees,1
decouverte erreur de chargement a l'arrivee a lys,1
deroutement sur lys cause meteo cmf,1
fod sur taxilane r3,1
fod - oiseau mort sur piste 17l,1
fod sur taxilane,1
decouverte filets de soute non attaches a l'arrivee a lys,1
decouverte dommages sur aeronef a l'arrivee a lys,1
decouverte trappe gpu mal verrouillee a l'arrivee a lys,1
uld endomage,1
collision entre loader catering et uld,1
dommage sur trappe gpu decouvert a l'arrivee a lys,1
probleme sur le ddpis,1
platine balisage hors service,1
defaut train atterrissage,1
panne moteur en phase de roulage,1
remise de gaz + deroutement,1
deroutements sur lys cause meteo,1
colis dgr non arrimes en soute,1
marquage zec efface,1
palettes en bois sur l'aire de trafic,1
cage avih decouverte ouverte a l'arrivee a lys,1
regard abime sur cheminement pieton,1
deconnection autopilote en lvp,1
escabeau passager genant,1
vol deroute sur nce,1
fod - morceaux de beton,1
fod sur voie de circulatioin,1
absence de marshaller,1
probleme communication sur travaux,1
probleme affectation parking,1
probleme de volet a l'atterrissage,1
exercice intrusion,1
chute en hauteur d'un agent d'assistance,1
fod - cones deplaces par le vent,1
presence d'individus sur aile avion,1
porte avion mal fermee,1
deroutements sur lys cause neige sur cdg,1
affectation d'un parking hs,1
mesures sur piste sans fermeture prevue,1
bagages laisses en soute,1
non respect zec,1
paxi a bord,1
erreur de loadsheet - non avere,1
gene au repoussage,1
defaut balisage - non avere,1
suspicion drone,1
rupture fusible pendant repoussage,1
circulation dangereuse vl cote piste,1
constat a l'arrivee a lys d'une anomalie concernant la trappe gpu,1
"defaut ""enregistrement""",1
problemes lors de l'arrivee au poste,1
materiel en zec,1
materiel genant l'entree de l'avion au parking,1
conduite dangereuse d'un gse,1
non respect du psi - non avere,1
passage vehicule derriere avion moteur tournant,1
pas de visuel sur la piste aux minima,1
conflit entre un avion au decollage et a l'atterrissage,1
passage entre marshaller et avion,1
pas de marshaller a l'arrivee,1
fermeture atc,1
erreur d'affectation parking,1
chargement bagages non conforme decouvert a l'arrivee a lys,1
filet de soute non securise constate a l'arrivee a lys,1
non respect de la priorite au marshaller,1
remise de gaz cause lvp,1
dysfonctionnement papi 35l - non avere,1
asmgcs - alarme croix sur piste 17r,1
mauvais placement chariots a bagages,1
"presence de traces de brulure sur fuselage, constatee a l'arrivee a lys",1
quasi-cfit finale rnp 17r,1
manipulation dangereuse d'une passerelle pax,1
"refus de priorite avion au repoussage, par vehicule avitailleur",1
procedure afis differente du manex twr lys,1
atterrissage avec pare brise brise,1
"baisse np incendie np 7, pas d'impact operationnel",1
mauvais stationnement escabeau pax,1
gene entre un push et un roulage avion,1
risque ingestion moteur a l'arrivee,1
refus de priorite avion juste avant repoussage,1
mauvais stationnement passerelle telescopique,1
defaut procedure embarquement pax,1
"dommage plafond de soute, constate a l'arrivee a lys",1
filets de soute mal fermes a l'arrivee a lys,1
defaut connexion syspeo,1
defaut eclairage manche a air nord,1
rsfta hors service,1
rupture etancheite cloture oaci,1
pax fument cote piste - defaut de surveillance,1
porte h8 / travee a - deraillement porte,1
presence indesirable en zec,1
fod - fuite de jet-a1 sur moteur b737,1
acceleration arret au decollage,1
dysfonctionnement balisage axial a1,1
dysfonctionnement balisage axial b3 - non avere,1
dysfonctionnement mosquitos/asmgcs,1
tobt pole trafic et dhmi differentes,1
non respect des regles d'affectation parking,1
decouverte defaut sur filet de soute a l'arrivee a lys,1
constatation d'un impact sur le stabilisateur horizontal gauche,1
bagages partis sans le passager,1
paxi bagarre a bord,1
"une lumiere de la manche a vent nord, hs",1
presence d'une grue a tour non balisee percant les servitudes,1
collision aviaire - hors horaire pra,1
repoussages simultanees sur parkings contigus,1
atterrissage helicoptere sur t1,1
bagages charges dans un compartiment inop constate a l'arrivee a lys,1
filet de soute defectueux constate a lys,1
suspicion overtorque pendant repoussage - non avere,1
collision loader aeronef,1
remise de gaz cause meteo,1
aeronef sur voie de service,1
depassement avion sur route de service,1
wch electrique decouverte non deconnecte a l'arrivee a lys,1
decouverte chargement incorrect a l'arrivee a lys,1
feu sur un push,1
decouverte d'un filet de soute non ferme a l'arrivee a lys,1
chargement bagages non conforme,1
erreur de chargement/dechargement,1
gse stationne en zec,1
decouverte a l'arrivee a lys d'un filets de soute non fermes,1
decouverte dommage sur aeronef a l'arrivee a lys,1
"decouverte a l'arrivee a lys, de bagages charges dans un compartiment inop",1
decouverte degradation en soute a l'arrivee a lys,1
conflit au repoussage entre deux avions - non avere,1
porte acces salle embarquement retrouvee ouverte,1
vegetation sur la piste,1
odeur de brule a bord d'un avion,1
akh stationnes en zec,1
feu de balisage defaillant,1
deplacement d'un vehicule sur l'aire de manœuvre sans contact radio,1
remise de gaz suite erreur equipage,1
avion positionne sur un parking sans demande prealable,1
decouverte bagages charges dans un compartiment inop a l'arrivee a lys,1
non respect procedure ouverture porte avion,1
escabeau circulant sur vca,1
porte acces cp retrouvee ouverte,1
demande demarrage avec asu non conforme,1
decouverte d'une piece avion manquante,1
decouverte d'un impact sur le radom,1
probleme avitaillement lie au defaut de surveillance des passagers,1
collision aviaire hors aerodrome,1
uld non ferme constate a l'arrivee a lys,1
collision escabeau aeronef,1
fod - degradation d'un muret,1
fod - boulon en zec,1
help en panne sur parking avion,1
petrolier sur vca,1
accueil aeronef de lettre de code superieur sans autorisation,1
suspicion probleme de train a l'atterrissage,1
filet de soute manquant,1
fod sur voie de circulation avions,1
contact plateforme escabeau / seuil de porte arriere,1
probleme avec ddpis,1
bagage suspect a bord d'un aeronef,1
utilisation incorrect du lfc,1
cisaillement de vent,1
fod dans pneumatique vehicule,1
taxiway r3 non eclaire,1
chargement incorrect de bagages en soute,1
decouverte d'un akh endommage a l'arrivee a lys,1
probleme avec le ddpis,1
surface degradee en c63,1
dysfonctionnement prise 400hz,1
deroutement sur lys cause taux zero sur gva,1
remise de gaz situation orageuse,1
materiel avitailleur endommage - passerelle mobile sasca,1
mauvaise manipulation passerelle : arrachement cable 400hz connecte a l'avion,1
difference entre ldm et chargement reel,1
fod - divers debris,1
fod - billes metalliques,1
probleme lors d'un push avion,1
degradation etat de surface taxiway,1
fod - fuite hydraulique sur push - 30m2,1
stationnement gse genant avec impact operationnel,1
"collision aviaire - sans dommage - zone a, pas d'oiseau retrouve",1
fod - bloc beton le long de r3,1
choc passerelle telescopique d61 avec gse,1
deroutement lys cause meteo,1
gene au roulage a l'entree au parking,1
non respect procedure ouverture porte cabine,1
remise de gaz a l'initiative du pilote,1
probleme de comprehension lors du depart au casque entre pilote et assistance au sol,1
presence montgolfieres axe 35l avec impact sur le trafic,1
alarme asmgcs incursion piste elec 1 - non averee,1
defaut veille frequence twr par lutte aviaire,1
"non respect distances de securite passage derriere avion, feux anti collision allumes",1
probleme de chargement au depart de lys,1
fod - 2 fuites hydrauliques sur loader 3m2,1
baisse np incendie en np5 - pas d'impact operationnel,1
fod - fuite tinette au poste,1
fod - fuite de kerosene au parking < 1m2,1
incident manipulation passerelle telescopique,1
incident procedure accostage - non avere,1
paxi - passagers indisciplines a l'embarquement,1
refus de priorite pieton par vehicule ah,1
dysfonctionnement de transfert electrique entre 400hz et avion,1
fod non aeronautique sur a4,1
quasi incursion piste par avions,1
passage pax avec poussette et bb sous empennage,1
refus de priorite a/c lors du repoussage,1
deroutement lys cause urgence mediale pax,1
choc passerelle d23 avec gse aviapartner,1
probleme electronique avion,1
alarme verrouillage train atterrissage,1
repoussage incomplet,1
dommage en soute,1
avih non decharge,1
materiel genant en zec lors de l'entree avion au parking,1
dysfonctionnement du ddpis,1
presence montgolfieres dans l'axe de piste 17,1
materiel genant sur zone sta non autorisee,1
collision entre passerelle et aeronef,1
fod - gasoil gse 5m2,1
paxi - passager insultant,1
acces entre terminal et aire de trafic laisse ouvert,1
non respect des regles de circulation en zec,1
non respect du psi lors de l'embarquement,1
information meteo incomplete,1
inadequation entre ldm et chargement au depart de lys,1
melange de flux,1
presence indesirable sur trajectoire de repoussage,1
non respect des procedures tractage,1
pax embarquant dans le mauvais avion,1
fod - 2 valises sur l'aire de trafic,1
decouverte dommage sur aeronef,1
utilisation du telephone portable dans le psi lors de l'embarquement,1
materiel genant sur voie essencier,1
vehicule stationne dans la zec,1
fod - barriere abandonnee,1
suspicion fuite carburant sur aeronef en vol,1
passage dangereux d'un vehicule derriere marshaler,1
aeronef guide sur mauvais parking,1
fod - deversement tinettes,1
deroutement sur lys cause meteo gva,1
fumee a bord d'un aeronef en vol,1
fod - vis dans pneumatiques vehicules avitailleur,1
fod- cales sur e17,1
problemes techniques lors des deroutements sur lys,1
mauvaise condition meteo sur lys,1
essais moteur sur le parking c41,1
agent de surete vapotant sur l'aire de trafic,1
chien errant en aire de trafic,1
vehicule genant en zec,1
suspicion feu a bord,1
suspicion refus priorite avion au roulage - non avere,1
fod - paille sur taway,1
refus de priorite pendant repoussage,1
abaissement de niveau sslia np5 a np0,1
passerelle non remise en position,1
problemes frequences radio a la twr - non avere,1
conflit entre deux avions au repoussage,1
deroutement sur lys cause meteo a nce,1
suspicion conflit entre deux avions au repoussage - non avere,1
incursion servitude piste de la3,1
passerelle mal positionnee a l'arrive avion,1
deroutements sur lys cause taux zero sur gva,1
fod - sac poubelle sur b93,1
passage derriere aeronef venant d'arriver au parking,1
fod - sac poubelle avion,1
containers souffles par aeronefs,1
fod - vis dans pneumatique avitailleur,1
"avion ouvert, laisse sans surveillance",1
rupture etancheite ligne frontiere - grillage h14,1
anti echappement pax,1
fod non aeronautique voie de circulation devant le h14,1
deroutement sur lys cause paxi a bord,1
tow bar failure during pushback,1
poubelle compagnie sur aire de trafic,1
par brise avion fissure,1
passerelle non remise en position garage,1
fod - debris divers salon fae,1
fod - detritus abandonnes en e11,1
choc gse avec installations aeroportuaires cote ville,1
protection massif 400hz endommagee,1
marshalling sans gilets reflechissant,1
choc avion lors du repoussage,1
conflit entre avion au roulage et repoussage,1
paxi - check-in to - debarque,1
formation trous parking j19,1
choc avion avec gse,1
sacs poubelle,1
paxi : passagere virulente,1
paxi : refuse de se conformer a l'embarquement par zone,1
deroutements sur lys cause meteo sur gva,1
surface degradee en j31,1
conflit entre avions au roulage,1
fod - regle sur piste seuil 34,1
fod debris beton en c63,1
"paxi en vol, debarque a lys par la paf",1
defaut positionnement passerelle en garage,1
paxi - vol to3224,1
non respect de la phraseologie,1
fod poubelle avion,1
mise en place du camion pmr pendant l'avitaillement empechant le degagement d'urgence,1
mise en route feux anti collision avec personnel au sol sous l'avion,1
choc avion detecte a l'arrivee a lys,1
non respect distances de securite passage derriere avion,1
fod fuite hydraulique moteur aeronef,1
fod - fuite hydraulique sur aeronef,1
incursion piste par la,1
collision aviaire en vol,1
fod - carnet,1
fod - brosse en plastique,1
paxi - vol tk1808,1
paxi - utilisation du telephone dans le psi,1
incursion avion sur piste fermee,1
deroutement sur lys cause butee equipage,1
paxi - passager virulent a l'embarquement,1
fod - presence de visserie et boulonnerie sur les differents points de parking,1
arrive a lys avec piece d'aeronef manquante,1
mauvaise utilisation du camion catering,1
paxi - passager crache sur agent assistance,1
intervalle de temps trop court entre depart et arrivee sur un parking avion,1
deroutement sur lys cause panne moteur,1
incursion repoussage par nayak,1
incursion piste de la,1
fod sur parking j39,1
conduite dangereuse d'un vehicule sur l'aire de trafic,1
poubelles abandonnees dans passerelle,1
probleme lors du placement d'un aeronef en m12,1
bruit au niveau d'une porte en vol,1
probleme lors du chargement d'un uld,1
collision entre escabeau et porte avion,1
deroutement sur lys cause couvre feu,1
retour parking cause malaise a bord,1
incident sur loader,1
suspicion repoussage dangereux - non avere,1
colis suspect a bord d'un aeronef,1
collision gse aeronef,1
fod - poubelle compagnie sur aire de trafic,1
refus de priorite avion au poste avant repoussage,1
"paxi - passager indiscipline, debarquee",1
placement interrompu cause incursion camion sasca,1
dysfonctionnement bhs t1,1
travaux dans le psi zone dangereuse - non avere,1
refus de priorite aeronef par vehicule au roulage,1
accident entre un vehicule onet et deux vehicules gimas,1
fod - fuite de gasoil sur escabeau pax > 10m2,1
frein de park non serre apres fin repoussage et decrochage barre,1
vibrations helice,1
degradation etat de surface j35,1
intrusion pax pif t2,1
fod - tache d'huile,1
escabeaux stationnes en zec,1
mauvaise utilisation d'un tracteur repousseur lors de la prise de la roulette de nez du g650,1
frein de park avion inop,1
fod - flaque d'huile,1
fod - aeronautique,1
fod - non aeronautique,1
deconnection prise 400hz - non avere,1
suspicion de refus priorite avion au roulage - non avere,1
trappe porte cargo retrouvee ouverte,1
lievre mort sur piste,1
probleme de centrage avion,1
fod - sac poubelle et divers,1
camion genant un repoussage avion,1
vehicule gare en zec,1
defaut mise en œuvre procedure atr au parking,1
deroutement sur gva cause meteo a lys,1
non respect procedures alerte foudre,1
deplacement du sabot niveleur d'une passerelle,1
alerte incursion asmgcs,1
anomalie sur asmgcs,1
"avion stationne, deplace sur taxiway par le vent",1
deroutement sur lys cause meteo a cdg,1
fod - petit bois,1
materiels mal stationnes c61,1
circulation sur voie reservee,1
panne radar crna d'aix en provence,1
porte correspondance satellite laissee ouverte,1
dysfonctionnement correlation sur radar sna avec consequence sur le trafic,1
fod - cailloux + divers parking d63,1
non respect procedures alerte foudre - non avere,1
probleme information parking,1
pilote eblouis,1
quasi collision avions au poste,1
"intervention sur piste, plus longue que prevu",1
refus de priorite aeronef au roulage par vehicule avitailleur,1
push stationne sur zec,1
mauvais usage des poubelles fod,1
divergence information parking,1
defaut pion d'arrimage compartiment 11r,1
repoussage/tractage non conforme,1
fod - epandage d huile sur parking j19,1
deroutement sur lys cause couvre feux gva,1
deroutement sur lys cause fumee a bord,1
fod - morceau de tole toiture,1
circulation en sens interdit lors de l'embarquement sur voie reservee,1
fod - fuite carburant gpu,1
fod - fuite kerosene (10l - 1m2),1
choc avion avec gse loader,1
communication entre la et sna,1
rupture fusible barre au repoussage,1
"intrusion pax a bord d'un aeronef sans cab, retour parking - doublon fne/24/0059",1
erreur de coordination exercice sslia,1
defaut de communication sur l'alimentation de secours du balisage,1
uld mal verrouille a l'escale precedente,1
probleme lors du chargement bagages et embarquement pax,1
chute ecrou de passerelle,1
fod - sacs plastics,1
aeronef mal stationne n42 - non avere,1
passage d'un pieton devant moteur tournant - non avere,1
nombreuses degradations dans le bhs,1
pilotes eblouis,1
depart de feu sur help pmr,1
fod - gravillons sur t,1
intrusion pax sans cab a bord d'un aeronef,1
materiel stationne sur c83,1
panne ecrans radars a la twr,1
gpu stationne sur vca,1
retour parking cause urgence medicale,1
incursion pieton sur t,1
taux zero de 00h00a 04h00 cause lvp pendant travaux - fne classe sans suite,1
probleme lors du chargement du fret,1
fod - affichette parking voiture,1
trou en formation tango,1
suspicion d'incursion servitude piste de la2,1
collision impliquant un aeronef avec un vehicule,1
bagage qui a pris feu dans la zone tri bagages,1
fod - debris divers,1
fod - sacs de lestage perces,1
fod - joint dalle beton,1
fod - tuyau pvc,1
problemes de gestion des roulages,1
probleme balisage,1
non respect des procedures de degivrages,1
fod - parkings souilles de glycol,1
"deroutement b737 sur lys, probleme hydraulique",1
fod - epandage d huile sur parking j19 - a300 dhl express / reg: dazmo,1
visibilite en passerelle d41 de nuit,1
baisse de np incendie - sans impact operationnel,1
deroutements multiples sur lys cause meteo cmf,1
deroutement lys cause meteo cmf,1
choc entre 2 tracteurs gimas,1
fod - piece en aluminium sur piste,1
refus de priorite avion au repoussage par vehicule de maintenance en ligne,1
peinture ecaillee sur porte de soute avant,1
loquet de trappe retrouve ouvert a l'arrivee a lys,1
une securite manquante sur filet de soute,1
trappe interieure de soute avant manquante,1
choc tracma avec passerelle telescopique,1
"arret decollage, suite probleme technique",1
"refus de priorite aeronef au roulage, par vehicule",1
passage charlatte sous passerelle telescopique en mouvement,1
"refus priorite aeronef anti collision allumes, par escabeau",1
dommage avion constate a l'arrivee a lys,1
incursion piste la en v5,1
declanchement balise detresse,1
baisse np sslia np1 iso np5,1
declenchement alarme incursion piste du la2,1
fumee a bord d'un aeronef,1
fod - eclats de verre sur parking j19,1
fod liquide inconnu,1
taux zero de 00h40 a 02h50,1
absence du service grf,1
entree avion au parking bloquee par avion au repoussage,1
(fod) glycol sur parking avion,1
deroutement sur lys cause probleme volet,1
procedure maintenance farms,1
doublons de la fne/23/0773 - refus priorite avion au repoussage,1
pas d'assistance a l'arrive d'un aeronef,1
incursion piste vehicule chantier - travaux meteo france,1
avitailleur genant l'entree au parking d'un aeronef,1
fod - carburant gse,1
manquement ronde surete,1
materiel gse mal stationne,1
degradation de l'enrobe sur tango,1
stationnement genant b93,1
retour terrain cause probleme verrouillage train,1
roulage sur t sans autorisation,1
malaise pilote en vol,1
probleme temperature moteur,1
intervention tardive de la paf pour paxi a bord aeronef,1
poubelle fod remplie et debordante,1
absence agent aire de mouvement,1
utilisation des vca comme routes de service par agents de piste,1
stationnement genant engins de piste,1
stationnement navette sur vca,1
circulation derriere avion ayant les feux anticollision allumes,1
dommage sur avion,1
absence de notam,1
nombre de pob inexact communique a la twr,1
glycol sur parking avion,1
suspension de la prevention du risque animalier,1
incursion piste 17l du sslia,1
embarquement pmr sur voie de circulation,1
non respect des zones de stationnement,1
fod en a3,1
panne telecommande balisage,1
materiel genant manœuvre avitailleur,1
fod sur bordure vca,1
placeur sans batons lumineux,1
indications du marshaller non suivies par les pilotes,1
nombreuses palettes et sac plastique,1
bouchon de reservoir carburant manquant a l'arrivee a lys,1
fod sur zone ops j81,1
fod en d63,1
affiche sur a9,1
fod - bache plastique,1
passage tapis bags derriere tpx au repoussage,1
fod panneau affichage sgs,1
navette phmr stationnee sur traversee de vca avec passage avion - non avere,1
non respect du psi par pax,1
sac poubelle arabia,1
chariot sur bordure vca,1
rambarde escabeau pax casse pendant debarquement,1
akh retrouve endommage a l'arrivee a lys,1
tpx stationne sur les places reerve phmr,1
intrusion cote piste puis a bord d'un aeronef; declenchement balise elt sur dr400 dans hangar h7,1
croix de st andre 17r hs,1
tentative de demontage d'un accrocheur d'avitaillement par une tierce personne,1
porte de soute laissee ouverte sans surveillance,1
information aeronautique en lien avec les travaux - fermeture piste,1
refus priorite aeronef par vehicule pendant repoussage,1
"mauvais placement avion, positionne sur la mauvaise barre d'arret",1
materiel genant en zec avec impact sur la securite,1
non concordance cpm / chargement physique,1
retour terrain cause voyant turbo allume,1
atterrissage avec train principal droit non verrouille,1
panel missing from the right wing,1
co activite desorganisee - encombrement zep-zec / gse,1
pose be90 avec voyant de train non verrouille,1
incoherence papi 35r,1
intrusion parif 19,1
marquage seuil de piste peu visible,1
dommage sur interieur porte cabine decouvert en vol,1
perte d'alimentation electrique sur avion suite deconnection prise 400hz,1
pmr debarquees et laissees en piste sans surveillance,1
"probleme technique avion, retour terrain",1
uld decouvert endommage a l'arrive a lys,1
filet de soute mal verrouille,1
passage gse sous passerelles,1
sac poubelle compagnie dans poubelle fod,1
encombrement cheminement pieton,1
trappe gpu retrouve ouverte a l'arrivee a lys,1
perte puissance moteur,1
deambulation pax en zone reserve,1
ouverture porte cabine non securisee,1
collision aviaire - zone a,1
porte palettes sur poste avion,1
incursion vehicule wfs pendant roulage avion,1
fumee anormale sur moteur avion,1
trappe eau potable decouverte ouverte a l'arrive,1
filet de soute endomage,1
suspicion de repoussage dangereux - non avere,1
pieton inanime cote piste - non respect des dispositions du pua lyn,1
porte pe8022 ne se verrouille pas - defaut etancheite ligne frontiere,1
"article prohibe - couteau, non detecte et embarque en cabine",1
push back en mouvement sans conducteur,1
conflit au repoussage entre deux avions,1
"interruption de repoussage, conflit entre deux avions",1
exercice surete sans coordination,1
encombrement zone operationnelle,1
choc vehicule avec installation aeroportuaire,1
retour terrain cause probleme train d'atterrissage,1
baisse np sslia np7 iso np9 sans impact operationnel - non averee,1
encombrement parking l11,1
chien divaguant en soute,1
fod hydraulique en c83,1
debut incendie aux abords de la piste 17l,1
perte communication automate balisage,1
fod gasoil en c21,1
probleme de roulette de nez a l'atterrissage,1
traversee de vca en dehors des routes de service,1
incursion vehicule gsf pendant repoussage,1
epandage carburant l15,1
"pb avec les camions d'avitaillement , batiment locindus",1
fod sur parking d61,1
materiel genant l'entre de l'avion au parking,1
incursion piste 17r,1
defaut pressurisation,1
intrusion pax cote piste par vba,1
collision passerelle d23 charlatte alz,1
fod sur j81,1
incursion piste 17l du flyco sans conflit,1
encombrement zep avec quasi collision passerelle/gse,1
erreur placement qr052/21aug,1
fod deversement gas-oil,1
probleme moteur sur mooney m20,1
probleme de frein a l'atterrissage,1
boulon sur main wheel casse + absence boulons,1
engin de piste sur vca,1
fod - debordement kerosene 2m2,1
trappe gpu endommagee,1
materiels mal stationnes sur parking avions,1
fod hydraulique - camion avitailleur - rupture flexible huile hydraulique 80172 > 100l,1
refus priorite aeronef au repoussage par vehicule,1
encombrement zec par gse,1
baisse np incendie np7 iso np9 - sans impact operationnel,1
collision entre vehicule avitailleur ag355 et barre de tractage,1
probleme variometre en vol,1
non respect du poste de stationnement attribue par l'exploitation,1
doublon fne 23/478 collision aviaire - sans dommage - zone a,1
doublon fne 23/481 collision aviaire - sans dommage - zone a,1
"refus de priorite avion au roulage, par vehicule de chantier",1
"refus de priorite avion au roulage, par vehicule",1
"article prohibe dgr - arme classe d, non detecte et embarque en cabine",1
materiel mal stationne,1
materiels mal stationne,1
choc equipements aeroportuaires,1
refus priorite aeronef au repoussage par vehicule phmr,1
taux zero de 00h00 a 01h00,1
choc avion avec equipement vehicule avitailleur - no go,1
defaillance systeme trop plein pompe self 100ll,1
intrusion pax zpnla par porte flip flow,1
"doublon fne 23/441 acceleration - arret, suspicion de collision aviaire",1
fod - fuite hydraulique 14m2,1
choc avion avec tapis bagages,1
parking avion d41 / d22 encombre de materiels,1
stationnement genant sur place phmr,1
arret passerelle cause tracma passe dessous,1
chien sur aire de trafic,1
voyant moteur temperature elevee,1
probleme avion en vol - perte marche pied,1
erreur marquage au sol,1
intrusion 4 pax via vba 20007,1
presque refus de priorite avion au repoussage,1
retour terrain suite probleme moteur,1
non respect des voies de circulations sur l aire de trafic,1
manipulation mecanique pendant avitaillement,1
probleme sur prise 400hz,1
fod - cales sur ligne de guidage,1
collision aviaire - sans dommage - hors aerodrome,1
retours pilotes sur mauvais reglage du papi,1
fod sur route de service essencier,1
fod sur l11,1
charlatte sur voie de circulation avion.,1
panne balisage lateral piste 17r/35l,1
rupture etancheite ligne frontiere - choc avec tracma,1
intrusion pietons cote piste,1
circulation sous passerelle,1
collision dans le bhs,1
collision mammifere - lievre,1
degats bhs,1
accident entre vehicules,1
retour terrain cause fumee a bord,1
vehicule derriere avion - non avere,1
casque oublie dans train d'atterrissage,1
incursion piste 35l/17r,1
vehicule en mouvement sans conducteur,1
balise lumineuse bleue arrachee,1
retour terrain suite fumee a bord,1
non respect des regles de conduite,1
fod metallique sur route de service,1
conflit entre 1 avion au repoussage et 1 avion au roulage sur l'aire de trafic - arret du push,1
"refus de priorite avion au repoussage, par vehicule, sans impact",1
helicopteres stationnes sur vca,1
incursion pendant le placement de l'avion,1
conduite dangereuse en piste et non respect du psi,1
non port des epi + vehicule dans le psi,1
conduite dangereuse en piste,1
fod route de service,1
zec et voie essencier encombree par des poussettes alyzia,1
parking avion d41 / d22 encombres de materiels,1
fod : sacs poubelles sur parking avion,1
collision aviaire sans dommage - zone a - non averee,1
collision aviaire - sans dommage - zone a - non averee,1
baisse np incendie en np7 et np5 - pas d'impact operationnel,1
self parking suite absence de marshaller,1
"zec encombree par gse, avec impact operationnel",1
"retour terrain, probleme voyant",1
atterrissage avec odeur de brule a bord,1
fod - fuite hydraulique sur loader < 1m2,1
fod - fuite de kerosene < 1m2,1
loquet de trappe de soute ouvert a l'arrivee a lys,1
auto information a l'atterrissage effectuee en anglais au lieu du francais,1
fod - fuite hydraulique sur escabeau pax,1
fod - dechirure pneu citerne 35151,1
"circulation a contresens sur voie essencier , traversee des parkings avions, vitesse excessive",1
encombrement zep par gse alyzia,1
"refus de priorite avion au repoussage, par vehicules",1
encombrement voie essencier par gse,1
"circulation vl sur voies reservees aux bus, petroliers et pmr",1
intrusion pieton dans les servitudes du h,1
incursion navette equipage pendant repoussage,1
interruption repoussage suite passage aeronef - conflit au roulage,1
porte ouverte hangar h08 travee a&b harmony jets - ligne frontiere cv/cp permeable,1
traversee vca par vl en dehors des routes de service,1
vehicule avp stationne en zep d21,1
gestion sol complexe,1
intrusion pax cote piste - avec impact operationnel,1
avion en difficultes a l'atterrissage - probleme volets,1
fod - fuite hydraulique sur loader,1
pieton sur vca,1
fod - fuite hydraulique sur camion catering,1
usage de cigarette + utlisation d'appareils electroniques dans le psi,1
baisse niveau de protection incendie - sans impact sur le trafic,1
encombrement zep et zec par materiel d'assistance en escale stationne - avec impact operationnel,1
stationnement gse sur route de service,1
rapprochement aeronefs entre un atterrissage 17l et un decollage 17r,1
suspicion de refus de priorite avion au repoussage par 2 bus de transport passagers - non averee,1
refus priorite avion par vehicule gimap pendant repoussage,1
drone dans la ctr a proximite des trajectoire de departs,1
coupure alimentation electrique,1
collision aviaire - avec dommage avion,1
bus et vehicule onet refuse priorite a un aeronef sur r2,1
poubelle easyjet abandonnee cote piste,1
vehicule stationne sur zone de rassemblement passagers,1
conducteur gimap remontant la voie essencier a vive allure et a contresens,1
agent alyzia roulant a vive allure et a contresens sur la voie essencier cote juliet,1
nombreuses palettes en bois,1
poubelles easyjet abandonnees sur point de parking,1
refus priorite avion par charlatte onet pendant repoussage,1
cargo hold scratch/dent/scuff,1
"retour terrain, panne electrique",1
app lyon st ex injoignable,1
encombrement zone materiel gimas par materiels avp,1
fod- deversement par event d'aile,1
encombrement zec / zep par gse,1
fod - fuite de kerosene 15m2,1
main deck cargo hold side torn by contenair,1
defaut wig wag v5,1
"marche arriere camion catering en zec, sans guidage",1
encombrement zep par gse,1
"encombrement zep par chariots avec bagages, pendant traitement avion",1
entrave au depart d'urgence de l'avitailleur pendant les pleins,1
incursion piste sslia pendant manœuvres d'essais de vitesse,1
marquage au sol pictogramme use,1
vibration moteur avion,1
deroutement lys suite alarme feu moteurs + fumee a bord,1
gtc onduleur poste nord defaut circuit,1
"2 portes cabine en position ouverte pendant nettoyage cabine, sans escabeau",1
collision passerelle mobile avec un tiers non identifie,1
baisse de np incendie en np0 - sans impact operationnel,1
doublon fne 23/180 collision aviaire 35l,1
fod - epandage carburant n21,1
fod - valises sur r3,1
agent en trottinette electrique sous le t2,1
fod - fuite hydraulique sur help,1
voie d'acces petrolier encombree,1
stationnement materiel assistant sur zep,1
poubelle easyjet abandonnee sur l'aire de trafic,1
poubelles easyjet abandonnees au satellite,1
accueil aeronef code f,1
avion deroute,1
agent circulant en vl sur vca,1
pas d'assistant a l'arrivee de l'avion,1
fod sur tango juliet,1
circulation tracma sur vca,1
roulette de nez bloque pendant repoussage,1
fod r3,1
retrait escabeau avec porte avion ouverte,1
fod intersection de r3 et r4,1
fod niveau a6,1
incursion servitude fato,1
atterrissage avec suspicion probleme sur train d'atterrissage.,1
encombrement emplacement bus,1
electrisation intervenant maintenance sur falcon 50,1
non-respect regles de circulation aire de trafic,1
presque accident entre vehicule et pieton,1
fod gazole,1
heurt vim secu 14 dans porte hangar sslia lyn,1
encombrement parking l15,1
choc avion avec loader - aog,1
vehicule passe derriere l'avion au repoussage,1
poubelles aire arabia abandonnees cote piste,1
stationnement sur emplacement bus,1
crochet manquant sur prise 400htz,1
cas concret passage en force pif t1b,1
decouverte rayures sur avion,1
quasi collision au repoussage,1
incursion repoussage avia,1
incursion repoussage,1
t1 cran d'arret,1
tracma roulant sur le flexible d'avitaillement et liaison equipotentielle,1
bags sans surveillance,1
choc avion avec pieton (casque pompier),1
defaut positionnement garde corps sur escabeau pax,1
encombrement parking zec,1
gene essencier,1
deroutement pour dechargement bag sans pax,1
porte ouverte hangar h06 oyonnair - ligne frontiere cv/cp permeable,1
systeme de verrouillage porte cargo ouvert,1
encombrement parking c82,1
survol de l'aerodrome par drone,1
non respect du temps de degivrage avant depart,1
encombrement zep par chariots bagages - gene au retrait de la passerelle,1
choc degivreuse avion avec installations aeroportuaires,1
stationnement genant 1d,1
stationnement genant c11,1
bag recupere sur aire de trafic,1
encombrement zone evolution passerelle par gse,1
encombrement zone ops par escabeaux - gene placement avitailleur,1
fod route de service r3,1
encombrement zone de rassemblement en d80,1
encombrement zone de rassemblement en d63,1
encombrement zone de rassemblement en d43,1
encombrement zone de rassemblement en d23,1
traversee aire de trafic par chariot eau potable sans chauffeur,1
gse stationne sur zone de rassemblement en d21,1
presence importante de glycol au sol,1
encombrement zone operationnelle par escabeau et cales,1
incursion vehicule sur voie de circulation avion,1
encombrement zec par poussette cargo,1
groupe de parc branche et connecte sans sangle de retenue,1
traction de 4 chariots dans le bhs,1
vl thermique dans le bhs et multiples infractions sur zones interdites,1
chute d'un pax sur glycol - embarquement a pied,1
avion mal positionne,1
non respect essai moteur point fixe tm,1
aeronef qui vient se positionner a son parking sans guidage,1
arret repoussage - refus priorite avion par vehicule,1
fod - barre de tractage sur voie de circulation avion,1
avion pose avec probleme technique,1
stationnement gse genant - gene au positionnement de l'escabeau passagers,1
baisse np sslia np7 iso np9 - sans impact sur le trafic,1
paxi - decompression porte bus pistes par passager et cigarette a proximite avion,1
dommage avion suite choc avec tapis bagages,1
"stationnement et evolution gse genant, sous passerelle",1
fod - debris divers sur zec,1
deroutement d'un a333 gva-yul causes techniques,1
sortie passagers sur pistes,1
paxi debarques de l'avion,1
cabin door safety railing broken,1
choc passerelle avec gse,1
panne balisage selon la platine,1
refus de priorite avion par charlatte,1
"conflit a l'atterrissage 17r, piste occupee, remise de gaz",1
refus de priorite avion au roulage a l'arrivee au parking,1
avion immobilise sur piste 35l,1
stationnement genant k52,1
choc tracma avec installations aeroportuaires,1
glycol sur zone avion,1
mise en route anticipee des feux anti collisions avec presence personnel autour de l'avion,1
fod sur intersection r2-r3,1
paxi - individu agressif et menacant avec l'agent d'accueil aerogare lyn et avec 2 pompiers sslia,1
erreur d'affectation - a321 non autorise sur l17,1
vehicule en mouvement sans chauffeur,1
non respect par l'aeronef de la clairance - franchissement barre d'arret a9,1
non respect par l'aeronef de la clairance - franchissement de la barre d'arret b4,1
deversement kerosene par l'event droit sur b737 jet2.com,1
loader avp stationne en zec m13,1
loader stationne dans la zec,1
gse stationnes sur zone ops,1
materiel d'assistance genant sur zec,1
materiel d'assistance sur zep,1
eclatement d'un pneu vehicule avitailleur cause fod,1
defaut niveau barre d'arret b4,1
trou enrobe twy t4 (2),1
stationnement materiel assistance genant sur passage pieton en face porte c11,1
choc vehicule avec portail fret dhl,1
stationnement genant sur passage pieton face porte c11,1
fod su piste 35l,1
vehicule qui passe entre le flyco et l'avion lors d'un convoyage,1
materiel d'assistance en escale dans zec,1
dolly avec containers sur zep,1
refus priorite avion kl1415 par charlatte onet,1
passage d'un camion avitailleur devant aeronef au roulage,1
paxi - passagers qui fument a l'embarquement,1
sortie non autorisee porte b07,1
materiel d'assistance genant sur zone ops,1
help genant depart d'urgence avitailleur,1
fuite carburant moteur 2 lors du demarrage,1
pieton traversant r4,1
refus priorite avion par vehicule berthelet,1
collision avion (volet) avec vehicule avitaillement,1
fod : eclats de verre devant entree zone de fret dhl,1
collision vehicule avitaillement/avion,1
collision aviaire mouette au roulage sur qfu,1
gse genant sur passage pieton zec,1
mauvais stationnement des gse sur zep,1
"vehicule stationne sur voie de circulation avion, puis evolution dangereuse",1
mauvais stationnement des gse - gene au positionnement de l'avitailleur,1
poubelle fod pleine,1
accrochage aeronef turkish airlines par camion avitailleur,1
presence huile sur parking j19,1
epandage kerosene sur vol transavia,1
trou enrobe twy t4,1
poubelles easyjet abandonnees sur l'aire de trafic,1
poubelles aire arabia et transavia abandonnees sur l'aire de trafic,1
materiels sur zone d'evolution passerelles,1
incident dechargement rng - dgr,1
sangle sur tango alpha,1
camion help positionne trop tot,1
materiels genants en zep c81,1
dysfonctionnement procedure communication sslia/ sna en frequence,1
materiels avia genant le positionnement de l'avitailleur,1
fod fuite hydraulique d41,1
materiels genants d43,1
chute d'un avitailleur de plein pied,1
tracteur avp bloquant l'acces a l'avitailleur c81,1
escabeau motorise onet genant le marshalling du to3225 en k52,1
fod sac poubelle sur j31,1
nombreuses palettes en bois sur l'aire de trafic,1
materiel genant passerelle d43,1
presque accident pieton passerelle,1
probleme roulette de nez af1515,1
mauvais placement avion j37 iso j89,1
"probleme de freinage, train sorti et verrouille",1
help bloque sur l'avion au poste de stationnement,1
incident lors de la mise en route du mode hotel,1
agent de piste souffle par moteur avion,1
encombrement zep d43,1
interruption repoussage,1
incursion fenwick pendant repoussage,1
temperature tp eleve,1
incursion piste pieton + probleme radar sol,1
deperditeur statique retrouve,1
probleme moteur (surchauffe cylindre),1
panne pressurisation,1
fod axe de piste face a la sortie a2,1
fod piste seuil 34,1
zec encombree par materiels d23,1
fod j37,1
zec d43 encombree par materiels avp,1
fuite kerosene e11,1
pieton sur ta,1
echauffement des trains d'atterissage,1
quasi-collision avion avec passerelle a l'arrivee du aca876,1
panne ddpis,1
fod taxiway principal au niveau parking nord,1
fod j13,1
conflits atterrissage - decollage 17l,1
passage d'un vehicule lors du refoulement af1498,1
epandage de jet- a1 sur une passerelle mobile pendant un avitaillement 20l,1
fod debordement kerosene c41,1
filets non attaches en bulk ts572,1
palettes non dechargees ts572,1
charlatte gsf en zep c81,1
materiels avp encombrants parking j87 et j81,1
escabeau genant arrivee l17,1
fod poubelles air arabia l11,1
passager en etat d'ivresse,1
zec encombree c82,1
etat soute hc427,1
non respect priorite aeronef,1
paxi en salle d'embarquement,1
balise de bord de piste cassee avec bris de verre sur piste,1
dommage avion cause par loader avp,1
passage derriere avion au repoussage af7643,1
illumination laser,1
non respect de la limitation de vitesse dans le bhs,1
fod - fuite d'huile,1
"collision aviaire a l'atterrissage, pas d'oiseau retrouve",1
collision aviaire au decollage - non averee,1
fod - ballon helium sur air de manœuvre,1
paxi insultante,1
intrusion d'un sanglier cote piste,1
passager indisciplinee,1
passager indisciplinee et violente,1
defaut surveillance avion night stop porte cabine ouverte,1
baisse np sslia np5 iso n09,1
vehicules passant derriere avion pendant repoussage,1
fod c81,1
fod d43,1
fod d41,1
poubelles ouvertes j31,1
charlatte avp dans zec d41,1
ligne frontiere,1
dommage avion avec ambulift,1
chargement fret tombe en j11 et d41,1
cloture endommagee niveau hop maintenance,1
fod c43,1
fod sur a1,1
dommage avion fait par tapis,1
maximum load height limit not respected,1
encombrement zep d41,1
refus de priorite charlatte avp pendant roulage oeivl,1
fuite hydraulique asu alz en c83,1
fod intersection tl et r3,1
zec encombree c81,1
intrusion zec pendant depart vol,1
refus priorite avion sn3587,1
materiels sur zone d evolution passerelle c81,1
fod en m13 et m11,1
delai d'intervention sslia,1
fod sur c21/c23,1
intrusion pax via flip flow 10836 jonction t1a t1b,1
passager indisipline et insultant,1
stationnement gse sur zec d21,1
melange de flux pax c01/ b02,1
arret d un avion sur mauvaise barre d arret,1
vehicule leger (sans conducteur) traversant le taxiway,1
stationnement gse genant zep,1
filet mal attachee a l'arrivee aja,1
passerelle d43 percutee/ tracma alz,1
defaut d'arrimage,1
baisse np sslia np5 iso np9,1
baisse np sslia np7 iso np9 - san impact sur le trafic,1
fod - fuite kerosene 10l,1
demande changement porte suite forte temperature en d01-d02,1
collision aviaire au decollage a 100ft,1
fod - debordement kerosene d23,1
passagers indisciplines en porte d'embarquement,1
organisation parking lys,1
stationnement avion non conforme,1
materiels genant sur zone apparaux,1
balisage axial,1
acceleration arret - probleme techniques avion,1
incident sol pieton avion,1
tractage sans contact,1
collision aviaire a l'atterrissage moteur n°1 - sans degat,1
presence fod,1
fod fuite gasoil sur gse,1
passagers en etat d'ebriete et menacants,1
fod - fuite hydraulique avion 8m2,1
passager indiscipline,1
anomalie majeur sur la cloture a bron,1
suspicion d'engin explosif a bord aeronef,1
push long impossible,1
panne mosquito secu 5,1
comportement personnels tiers pendant avitaillement,1
baisse pression hydraulique b737 a l'atterrissage,1
dommage avion,1
refus priorite avion par vehicule hubsafe et camion chantier,1
gse genant sur parking avion,1
choc avion avec vehicule phmr - non avere a lys,1
baisse np sslia en np7 iso np9 - sans impact sur le trafic,1
mauvais placement avion cause par loader mal stationne,1
incursion piste a330 corsair,1
erreur cheminement avion,1
balisage travaux deplace par le vent,1
feux hs sur croix de saint-andre 17r,1
balisage travaux manquant,1
charlatte oneten charge sur chargeur avia,1
materiel avp stationnes sur zone materiel gimas,1
j37 utilise pendant hub afr,1
conflit roulage aire de trafic,1
gestion des postes avion du satellite,1
fod - gravier sur parking,1
excursion de taxiway - balisage endommagee,1
erreur de loadsheet et verification chargement,1
fod - vis dans train atterrissage,1
co activite desorganisee,1
fumee a bord a l'atterrissage,1
baisse np sslia en np5 iso np9,1
fod - debordement avgas,1
collision aviaire a l'atterrissage,1
collision aviaire a l'atterrissage 17l,1
fod - fuite hydraulique loader - 2m2,1
presence indesirable dans la zec,1
collision gse/passerelle,1
trace de sang sur radome a l'arrivee de nuit,1
voie essencier encombree,1
retour parking avion suite malaise passager,1
passagers indisciplines et insultant - paxi a l'embarquement,1
materiels en stationnement genant,1
presence d' aep dans le psi,1
personnel navigant indiscipline - paxi,1
placement avitailleur genant,1
non-respect des regles de circulation,1
incursion zec par nayak pendant repoussage,1
collision vehicule pmr avec plot beton - aire de trafic,1
collision help aeronef,1
t1 altercation,1
passager indiscipline - paxi a l'embarquement,1
faute au mesure de surete,1
baisse np sslia en np5 iso np7 avec impact sur le trafic,1
fod - debris de verre aire de trafic,1
atterrissage avec probleme train,1
fod fuite kerosene - 2m2,1
loquets de verrouillage entre position uld non armes,1
incursion vehicule paf durant repoussage,1
rupture etancheite portail acces h2,1
rupture etancheite ligne frontiere - cloture oaci decoupee,1
rupture etancheite ligne frontiere - portail parif 17,1
intrusion cp pax - porte uggis 11361 arrivee t1b,1
probleme de train a l'atterrissage - etat d'alerte,1
choc avion par gse,1
rupture etancheite vol night stop - porte arriere ouverte,1
taux zero suite absence de donnees meteo a la twr,1
incident barre de tractage lors du repoussage,1
vehicules depassant de leur zone de stationnement,1
collision aviaire - acceleration arret,1
fod aeronautique sur piste 17l/35r,1
paxi - passager forcant le passage pour monter a bord d'un aeronef,1
paxi - passagers indisciplines arrivee eju4434/lis,1
incident hft2,1
paxi - passager violent et insultant en porte d'embarquement,1
illumination laser en finale piste 34,1
fod sur accotement piste 17l/35r,1
collision aviaire 35l avec dommage avion,1
utilisation d'appareils electroniques dans le psi,1
mauvaise utilisation des parkings vehicule,1
incursion vehicule avitaillement pendant repoussage,1
incident de repoussage sn3588 dimanche 24 avril 2022,1
pilote vise par laser,1
intrusion cp,1
refus de priorite vehicule sur avion au roulage,1
passagers indisciplines (paxi) - cp,1
positionnement petrolier genant,1
etat d'alerte - probleme train d'atterrissage,1
effacement double ligne parkings juliet,1
fod - deversement glycol > 5m2,1
"gse mal stationnes, empietent sur voies de circulation ou zones non autorisees",1
dangerosite trappe 400hz j31,1
quasi collision charlatte gsf/passerelle,1
collision passerelle avec materiel assistance en escale non range,1
dysfonctionnement de l'ecran mto + vigie,1
suspicion d'avarie sur train d'atterrissage,1
feu dans apu a300,1
erreur check in dgr,1
projection de glycol par vent fort,1
"probleme technique avion, retour terrain - probleme pressurisation",1
objet metallique tranchant depassant de la chaussee,1
quasi collision avion avec vehicule gimap,1
rupture etancheite ligne frontiere - portail p17,1
atterrissage avec probleme moteur avion,1
collision gse avec aeronef au parking,1
collision aviaire decollage 17r zone a,1
collision aviaire atterrissage 17l - zone a,1
embarquement et envol pax sur mauvais avion (melange flux),1
fod le long de tango,1
"baisse np sslia en np7 suite incendie au fret, sans impact sur le trafic",1
baisse np sslia en np7 suite deroutement avec impact operationnel,1
laser a l'approche,1
intrusion,1
voies de degagement encombrees,1
uld damaged and torned,1
window on the pic side totally cracked,1
accident aeronautique - avion pose sans sa roulette de nez,1
gpu plug protective of the aircraft damaged,1
repoussages non-conformes,1
retour terrain - vibrations moteur,1
fod - liquide degivrage avion (vols night stop),1
fod - liquide degivrage avion,1
retour oiseaux dans apu avion (espece protegee),1
rupture etancheite ligne frontiere - volet bagages ouvert,1
fuite gasoil en e15,1
passagers indisciplines (paxi) - overbooking,1
passagers indisciplines (paxi) - a bord aeronef,1
passagers indisciplines (paxi) - politique bagage,1
dangerosite infrastructure galerie t2,1
incursion vehicule lors du repoussage,1
crevaison pneu avion a l'arrivee,1
intrusion pax cp,1
intrusion pax via ugis du t2,1
chute pax - aire de trafic glissante,1
fod - fuite kerosene <10l,1
"incursion bus pax en zec, avant fin de securisation",1
observation objet pyrotechnique a l'approche 35r,1
panne push sur taxiway tb,1
refus de placement avitailleur suite contamination parking avion,1
fod - fuite kerosene 100m2,1
egouttures de glycol au visage,1
rcherche d'un bagage suspect,1
t2,1
fuite push en c83,1
fod deversement tinette sur parking m42,1
dysfonctionnement grf,1
fod sur taxiway a3,1
quasi collision avion avec vehicule de piste,1
plainte pilote liee au grf,1
"decollage d'un aeronef qfu 34, prevu qfu 16",1
passerelle b63 en defaut,1
embarquement bus sur un poste avion non adapte,1
avion deroute sur lys avec probleme de volet,1
plan de chargement arrivee errone,1
baisse de niveau sslia en np7,1
depart de feu sur un loader en b81,1
"collision aviaire, phase non connue",1
probleme degagement de securite avitailleurs,1
incursion avion sur piste avec conflit,1
circulation non autorisee en zec,1
erreur chargement uld au depart de lys,1
ecrasement cable 400hz lors de la manipulation passerelle,1
chute d'un passager dans les escalators,1
fod - fuite carburant d'une gse sur parking avion,1
deroutement sur lys cause piste mouillee a lyn,1
depart de feu local fret adl,1
dommage connecteur vidange toilette fhmli,1
panne vehicule sur voie de circulation avion,1
"porte de cabine ouverte par crew, en l'absence d'escabeau",1
2 pag unloaded due to poor packaging,1
porte de soute mal fermee a l'arrivee a lys,1
collision forklift avion lors du chargement cargo,1
filet cargo mal attache a l'arrivee,1
mauvaise comprehension concernant le process de degivrage,1
coactivite compliquee entre l'avitailleur et le handler,1
passager indisciplines (paxi),1
dommage sur une porte de soute cargo,1
probleme de degivrage avions,1
uld stationnes sur vca,1
incendie vehicule push,1
baisse np7 en np5 avec impact ops n-1,1
fod gravillons vers k52,1
porte de soute mal fermee,1
placement dangereux en c43 entrainant un probleme de co-activite,1
"poignee de soute vrac hors non deverrouillee, hors de son logement",1
fod sur aire de manoeuvre - b4,1
fod - sur parking avion,1
dysfonctionnement sslia - baisse np incendie,1
fod aire de trafic,1
rupture fusible barre pendant repoussage,1
qrf suite securite de train non retiree,1
incursion vehicule gsf lors du placement,1
remplissage poubelle fod avec poubelle compagnie aerienne,1
intrusion pax en zpnla via flip flow btv,1
fod sur aire de trafic (poubelle compagnie,1
vehicule genant,1
cable soute arriere sectionne,1
fod - baches plastique,1
fod - fuite hydraulique avion,1
fod - deversement produit,1
loquets de verrouillage en soute mal positionnes,1
loquets de verrouillage entre position uld mal releves,1
refus de priorite par vehicule pendant repoussage,1
"circulation dans la zone evolution passerelle, passerelle en mouvement",1
fod aire november,1
panne borne visa,1
repoussage partiel avion sur aire de manœuvre sans autorisation flyco / twr,1
remplissage poubelle fod avec poubelles compagnie aerienne,1
incursion charlatte lors du placement,1
poubelle abandonnee cote piste,1
panne lecteur cab,1
ecran deporte,1
atterrissage capot moteur ouvert,1
fod - bouchon reservoir,1
acceleration arret suite collision aviaire,1
fod - bris de verre sur parking avion,1
porte cargo endommagee,1
fod - deversement produit type skyrol 8m2,1
defaut passerelle b93,1
baisse np7 en np5 avec impact ops np-2,1
deploiement accidentel toboggan porte 1l,1
interruption repoussage suite refus de priorite par tracteurs,1
fod sur parking d43,1
stationnement vehicule en zec,1
"stationnement vehicule phmr genant, en porte p",1
immobilisation avion sur taxiway suite refus de priorite par vehicule,1
fod aire de trafic sur r3,1
fod aire de trafic sur r2,1
fod aire de trafic sur tn3,1
escabeau deplace par le vent,1
erreur sur la loadsheet,1
fod fuite hydraulique sur b81,1
panne voie 2 p17,1
absence d’eclairage au arret p5,1
fod recurrents,1
panne biometrie,1
poubelle abandonnee au parking avion,1
rupture etancheite ligne frontiere - tentative intrusion pax cp,1
odeur de brule a bord avion a l'atterrissage - etat d'alerte,1
intrusion pax cote piste par volet tapis bagages,1
intrusion pax par le volet vba 059 tapis 8,1
panne eds,1
coupure electrique a lyn suite dysfonctionnement transformateur edf,1
remise de gaz - probleme de volets - etat d'alerte,1
volet ouvert vba 10,1
fod proche d'e11,1
panne portail,1
materiel gse avp sur zone ops t2,1
portail 18,1
barriere entre vl,1
intrusion pax cote piste - aire de trafic,1
bagage abandonne,1
fod - aire de trafic,1
fod sur voie de circulation avion t3,1
avion immobilise sur piste 34,1
incursion pietons air de manoeuvre,1
probleme train atterrissage - etat d'alerte,1
baisse np7 en np5 avec impact ops en np-1,1
"baisse de np7 en np5, avec impact operationnel en np - 1",1
rupture etancheite ligne frontiere - volet 17.1 vba010,1
fod - deversement kerosene d21,1
enrobe taxiway abime,1
erreur communication repoussage par la twr,1
rupture etancheite ligne frontiere - volet vba062 t2,1
collision aviaire zone a,1
probleme technique b777f qatar,1
rupture etancheite ligne frontiere - volet 17.1 vba012,1
baisse de np en np5,1
fof - piece metallique sur piste,1
erreur communication point de parking par la twr,1
panne ctx 9000,1
inondation trappe 400hz b14,1
inondation trappe 400hz b12,1
porte pe 5084 non verrouillee,1
rupture etancheite ligne frontiere - porte pe 5084 non verrouillee,1
"baisse np7 sslia en np5, avec impact ops np-2",1
panne ifbs t2,1
manquement surete concernant la paf,1
panne rx,1
panne lecteur biometrie,1
fod - poubelles abandonnees en d61,1
fod sur n31.,1
fod sur a24,1
co-pilote avec cigarette electronique au nez de l'avion,1
fod - poubelles abandonnees en d21,1
chien sur l'aire de mouvement,1
regulateur balisage hs,1
fod - poubelle abandonnee,1
depart d'urgence impossible suite a une mauvaise procedure d'exploitation,1
fod - fuite hydraulique d'un loader en c81,1
etat de veille - train non verrouille,1
etat d'alerte lyn - probleme sortie de train,1
baisse de niveau de protection sslia de np7 a np5,1
passage d'un vehicule derriere appareil beacons allumes,1
refus de priorite d'un vehicule sur avion au repoussage,1
collision aviaire 35r en phase de roulage,1
tractage sans flyco,1
panne barriere d'entre zpnla,1
pilote fume dans z.e.c,1
passage non autorise en sorti p24,1
baisse np sslia np9 a np7 avec impact ops,1
observation d'oiseaux en montee de nuit,1
fod - fuite kerosene 6m2 au parking,1
decollage b777 avec np7 iso np9,1
ouverture ugis pe11361/ligne frontiere,1
portes ucgis,1
deversement de kerosene en d21,1
message ra tcas a l'approche,1
intrusion derriere a/c pendant feux-anticollision allumes,1
non respect des voies de service,1
"baisse de niveau sslia en np7, avec ops np-2",1
tracma coupant la route devant le flyco en fin de tractage avion,1
fod poubelles abandonnees cote piste,1
fod c41,1
fuite hydraulique c82,1
pompes surpression eau potable hs - defaut de protection incendie,1
atterrissage a332 np8 avec np7 - baisse np,1
decollage a332 np8 avec np7 - baisse np,1
agent de piste traversant une vca a pied,1
defaut borne visa parif 19 - 09/07/21,1
souffle avion genant un debarquement,1
fod fuite huile en a24,1
doute sur les separations lors d'un repoussage sur tc,1
fod a proximite de c81,1
rupture barre de tractage au repoussage,1
decouverte oit ( poing americain),1
refus de passage,1
badges annules,1
feux fin de piste provisoires souffles,1
non respect de circulation dans la zec,1
retour parking - defaut de pressurisation,1
encombrement parking materiel sur zone ops,1
presence d'oiseaux sur piste,1
atterrissage avec panne moteur n°1,1
deroutement sur lys suite probleme electrique en vol,1
paxi - tentative intrusion cp,1
poinconnement sur le parking avion b10,1
defaut eclairage parkings avions,1
chute d'un uld au chargement,1
fod - debris nidifications apu,1
collision aviaire au decolage,1
voyant de train non verrouille - etat d'alerte,1
cargo door indicator cover broken,1
fod - eclats de verre,1
panne alimentation enedis 2,1
perte de communication onduleurs et inverseurs poste sud,1
collision aviaire 35r signalee apres coup,1
surete - rupture etancheite ligne frontiere - vba 27.2,1
surete - rupture etancheite ligne frontiere - porte laissee ouverte,1
surete - rupture etancheite ligne frontiere - volet arrivee 27.2 t2,1
surete - rupture etancheite ligne frontiere,1
surete - intrusion pax cote piste par volet tapis bagages vba063,1
surete - rupture etancheite ligne frontiere - vba064,1
voyant de train allume a l'atterrissage,1
coupure electrique generale et groupe hs,1
acceleration/arret,1
nid d'oiseau dans apu,1
mauvais immatriculation avion dans le dcs check-in,1
erreur de chargement bagages au depart de lys,1
chargement en soute ne correspondant pas a la loadsheet,1
fod sur parking november - eco pics,1
"collision aviaire en vol, 6000ft - hors champ ad",1
verglas sur aire de trafic,1
rupture etancheite ligne frontiere - portillon entre h5 et h7,1
degradation enrobe voie de circulation vehicules,1
rupture etancheite ligne frontiere - vba 27.2,1
retour terrain - vibration moteur,1
"qrf, panne hydraulique roulette de nez - etat d'alerte",1
rupture etancheite ligne frontiere - porte laissee ouverte,1
avion deroute sur lys - probleme train atterrissage,1
probleme radio lutte aviaire,1
absence de bouchon de reservoir apres un night stop,1
panne alimentation radiogoniometre lyn,1
collision aviaire de nuit,1
tow bar impossible a positionner,1
rupture etancheite ligne frontiere - volet arrivee 27.2 t2,1
aog - choc porte avion,1
retour parking - porte cabine pax ouverte,1
collision aviaire 35l hors horaires ppa,1
retour parking suite bagages non decharges,1
fod pare brise casse sur b14,1
absence de croix de saint andre sur une piste fermee,1
radio lutte aviaire defaillante,1
encombrement zone operationnelle b81,1
non respect anti echappement - paxi,1
choc helico avec le sol,1
reconciliation bagages/passagers non conforme - retour parking,1
dommage feu train avant suite potentielle collision aviaire - oiseau non retrouve,1
repoussage interrompu,1
odeur de brule en poste et en cabine,1
probleme de volet a l'atterrissage - etat d'alerte,1
"repoussage, feux anticollision eteints",1
intrusion pax cote piste par volet tapis bagages vba063,1
alarme feu moteur avion,1
activation accidentelle du toboggan de securite a l'arrivee au parking,1
eobt pas mise a jour,1
radio lutte aviaire inaudible,1
tsat pas mise a jour,1
eclairage puissant au nord des installations aeroportuaires,1
marquage au sol,1
inclinaison tp lors du repoussage,1
avion immobilise sur taxilane td - probleme de train,1
avion en difficulte a l'approche - probleme technique,1
rupture etancheite ligne frontiere - vba064,1
encombrement parking,1
dommage avion cr7/rze,1
fod sur tango delta,1
"eblouissement pilotes, phares camions proximite aerodrome",1
dysfonctionnement du telephone technique position loc - twr,1
"probleme avitaillement, mauvais placement avion",1
stationnement avion sur voie de circulation,1
souffle cause par helico a l'atterrissage,1
probleme technique avion - volet bord d'attaque,1
dysfonctionnement porte soute cargo,1
rupture etancheite ligne frontiere - vba062 27.1,1
"visibilite des lignes de repoussage sur b10, b12, b14 et b16",1
mauvais conditionnement du cargo sur vol ah,1
repoussage face au nord en d22,1
etat de veille - deroutement suite vibration moteur,1
retrait passerelle pendant l'avitaillement,1
uld souffle par le vent,1
"fod - fuite hydraulique de la veille, mal nettoyee",1
rupture etancheite ligne frontiere - porte classe 200 - pe11385,1
circulation vehicule adl sur piste fermee mais sans mosquito,1
collision vehicule avec charlatte,1
retour parking cause technique - hors champ ad,1
presque accident entre un marshaler et un vehicule lors d'un placement aeronef,1
fod sur parking november,1
"vehicule sur piste fermee, sans mosquito ni escorte",1
probleme synoptique balisage,1
push back non conforme,1
choc avion avec un escabeau technique,1
gene visuelle des controleurs aeriens,1
"retour terrain, pare brise fele cause collision aviaire en vol - etat d'alerte",1
quasi collision entre un aeronef et un objet volant non identifie,1
collision animale 17l sans signalement,1
fod - gravier,1
retour terrain - vibration moteur - etat de veille,1
probleme technique avion - etat d'alerte,1
retour parking - probleme technique avion,1
probleme technique avion - odeur de brule au niveau des moteurs,1
probleme technique avion - odeur de brule et fumee a bord,1
defaut du balisage sur toute la partie sud du terrain,1
situation dangereuse liee au souffle/co activite pendant un avitaillement proche,1
aterissage sans assistance / sans sslia,1
defaut du balisage sur toute la partie nord du terrain,1
"vols manquants sur dman, pas de tsat",1
difficulte a joindre le cco - pas de parkings sur dman,1
retard intervention sslia,1
difficulte a joindre le pole trafic pour la gestion des postes de stationnement,1
communication atc incomplete,1
escalier technique sur voie de circulation avion,1
melange de flux - 1 pax embarque sur lh/fra iso air arabia/cmn,1
fod - chute d'un pax apres avoir glisse sur le sol cp,1
collision aviaire 35l (oiseau non retrouve),1
fod - debordement jet a1,1
retour terrain - alarme pression essence,1
grue erigee sans autorisation,1
suspicion de collision aviaire 35r,1
fuite hydraulique moteur avion,1
presentation en porte d'embarquement avec un billet annule,1
deversement kerosene - fod,1
probleme technique avion - hors champ ad,1
encombrement de la zec,1
fuite kerosene - fod,1
arret des pleins a cause du stationnement genant de vehicules d'assistance,1
non respect du psi - tracma genant l'avitailleur,1
problemes techniques avion suite foudre en vol,1
eclatement roulette de queue a l'atterrissage,1
nombreux avions mis en attente pour attribution parking,1
"porte de soute cargo, bloquee",1
avion deplace par le vent,1
atterrissage d'urgence cause probleme huile moteur - etat d'alerte,1
collision aviaire 35l non signalee par pilote,1
collision aviaire 17l non signalee par pilote,1
fod (passeport),1
retour terrain - voyant huile allume - etat de veille,1
collision aviaire 17l non signalee,1
fod fuite d'avgas a bron,1
incident repoussage en b83,1
fod fuite kerosene sur e17,1
probleme d'eclairage sur e11,1
incendie d'un vehicule lutte aviaire a lyn,1
feu de soute a lyn,1
acceleration stop sur piste - collision aviaire,1
1 animal hors de sa cage a l'arrivee,1
fuite d'huile en e11,1
1 morceau de caoutchouc retrouve sur a6,1
sacs de lest avp,1
etat d'accident lyn - roulette de nez cassee a l'atterrissage,1
probleme de train d’atterrissage,1
fod en bordure de tj,1
fod : ecrou sur b3,1
panne onduleur poste nord,1
collision animale : lievre d'europe avec dhl,1
mise a jour sur commande balisage sans previs,1
nidification apu qy1183/30 eiexr,1
refus d'effectuer un push/pull,1
collision aviaire 17r signalee par pilote,1
fod flaque hydrocarbure en e11,1
fod fuite hydraulique en b81,1
comportement dangereux,1
stationnement sur taxiway,1
lapin mort sur aire de trafic,1
fuite de kerosene moteur avion au repoussage,1
dysfonctionnement barres d'arret,1
"repoussage non conforme, non respect de la clairance",1
fod - poubelle air arabia,1
urgence medicale suite depressurisation,1
eblouissement pilotes par phares de camions,1
stationnement avions sur voie de circulation vehicules,1
trou sur la piste,1
depart d'urgence avitailleur impossible,1
fod poubelle en d63,1
fod poubelle en c83,1
materiel hors zone apparaux,1
situation dangereuse,1
accompagnant agressif,1
fod poubelle entre j33 et j35,1
conflit entre 2 avions,1
collision animale sur le taxiway,1
etat d'alerte probleme radio,1
collision aviaire en 17r,1
fod poubelle entre d21 et d23,1
deversement en b93,1
deversement hydraulique sur l11,1
collision aviaire 35r suite signalement pilote,1
debris de verre,1
materiel genant j33,1
choc passerelle escabeau,1
fod sur a31,1
"taux zero, suite panne sigma, stca, str, cartes dynamiques str",1
retour parking - fumee dans le cockpit,1
air pulse anormalement chaud en cabine,1
fod dans pneu train d'atterrissage,1
fuite de kerosene lors de l'avitaillement,1
porte de soute endommagee lors du dechargement d'un container,1
repoussage tractage sans clairance,1
utilisation du telephone pendant les pleins.,1
"pax en etat d'ebriete, agite a bord",1
atterrissage short fuel,1
refus de priorite a un avion,1
quasi collision - refus de priorite lors du repoussage,1
quasi collision avions,1
piste fermee sans notam,1
dysfonctionnement papi 35,1
fod - poubelle transavia,1
fod - 2 poubelles pegasus,1
calage avion defectueux,1
container sur tango,1
presence indesirable sur une aire et comportement dangereux,1
meconnaissance procedure visite aire de manœuvre la/flyco en lvp,1
processus inspection de piste en lvp,1
probleme de surete - couteau retrouve dans un bagage cabine a l'embarquement,1
avi non decharge a lfll + loadsheet erronee,1
degivrage avion non conforme,1
"mayday - fumee a bord, aeronef au sol",1
remise de gaz a l'atterrissage,1
fod sur m31,1
fod - 2 poubelles,1
quasi collision entre vehicule pmr et avitailleur,1
non respect des procedures d'assistance en escale lors de l'avitaillement,1
fod - poubelles laissees par terre sur aire de trafic,1
defaut de surveillance avion night stop reste porte ouverte,1
degradation au niveau d'un feu de balisage sur la piste 17r,1
intrusion a bord d'un aeronef lors de l'embarquement,1
deconnexion barre lors du repoussage,1
fod fuite gasoil loader,1
loader sur voie de circulation avion.,1
fod sur n44,1
etat d'alerte - avion deroute sur lys cause depressurisation en vol,1
fod fuite de gasoil,1
"etat d'alerte, retour parking cause fume moteur au demarrage",1
procedure refueling avec pax a bord non respectee,1
encombrement aire de trafic - poussette bagages,1
incursion piste vehicule gta sans conflit,1
etat d'alerte - deroutement cause probleme de freins,1
plot beton sur parking avion.,1
fod sur n1,1
excursion voie de circulation avion lors du repoussage,1
eclatement de pneu a l'atterrissage,1
repoussage non conforme depuis d22,1
fod 35r,1
fod balisage en a9,1
fod sur 17r,1
entrave au depart d'urgence du camion avitailleur,1
fod sur n23,1
roulage avec barre de tractage connectee,1
circulation degivreuse sur taxiway principal,1
non respect procedure convoyage par avion,1
etat d'alerte - echauffement de train,1
fod sacs poubelles,1
"acceleration / arret, suite incursion deneigeuse",1
mauvaise signalement d'un vehicule par temps de brouillard,1
voie de degagement bloquee,1
vehicule paf sur voies de circulation avion,1
fod deversement tinette en j33,1
fod deversement kerosene en d41,1
collision aviaire a 2400ft,1
2 fod sur la 17r,1
etat de veille - panne moteur,1
incident au repoussage en b81,1
fod fuite hydraulique en b73,1
collision aviaire a l'approche,1
fod sur d61,1
fod by-pass sur taxiway,1
quasi collision vehicule paf avec avion,1
deroutement sur lys pare brise fendu,1
etat de veille - niveau d'huile bas,1
dysfonctionnement communication cco vers sna,1
non respect des procedure de communication lors de la visite de piste,1
etat d'alerte - pilote inconscient,1
retour parking - depressurisation vol cargo,1
fod lanternes en papier,1
etat d'alerte - probleme train droit,1
arrivees massives de vfr etrangers sans preavis,1
panne indication vent a la twr,1
panne digicode porte d'acces a la vigie,1
choc sur installation aeroportuaire cause par camion avitailleur,1
dysfonctionnement sppa,1
stationnement avion sur voie de circulation vehicules,1
souffle sur installations et equipements fret lors du depart ek,1
quasi collision vehicule catering avec avion,1
2 lampes du papi 17l hs,1
etat de veille : avion deroute cause pare brise fissure,1
choc sur passerelle d21,1
fod sur la piste 35l,1
chargement bagages different du ldm et de la loadsheet a l'arrivee a lfll,1
etat d'alerte - deroutement pour probleme de depressurisation et panne indicateur cabine,1
fod sur c82,1
roulage avion cale et personnel au sol connecte au casque apres push back,1
deversement tinette,1
fod sac de lest eventre,1
quasi-collision vehicule catering avec avion,1
interruption de pushback,1
fuite hydraulique sur avion au stationnement,1
fuite hydraulique vehicule avitaillement,1
roulage dangereux,1
push en panne sur poste avion,1
push en panne sur voie de circulation avion,1
fod boulon sur voie de circulation avion,1
refus de priorite a un avion au repoussage,1
debordement kerosene sur j31,1
retrait du gpu alors qu'il etait toujours connecte a l'avion,1
collision engin assistance en escale avec avion au parking,1
refus de priorite lors d'un repoussage,1
passage d'un vehicule derriere un aeronef avec demarrage moteur en cours,1
passage d'un engin de piste derriere un aeronef avec demarrage moteur en cours,1
erreur de loadsheet,1
fod_flamme avec cache pitot retrouve en n21,1
luminosite panneau airbird,1
etat d'alerte panne moteur,1
sac poubelle abandonne sur aire de trafic,1
etat d'alerte - odeur de brule dans le cockpit,1
sac poubelle abandonne au parking,1
"deroutement sur bron avec pax a bord, sans assistance, de nuit, sans presence ats et/ou afis",1
debordement kerosene,1
sacs poubelles abandonnes au parking,1
fod dans enrobe sur v6,1
fuite hydraulique d'un loader sur j19,1
procedure d'entree sur d63 a risque,1
collision escabeau avec une passerelle au contact d'un avion en d21,1
sac poubelle j33 -j35,1
intrusion psi par charlatte en l19,1
sac poubelle laisse vers j34,1
etat d'alerte avion destabilise au roulage,1
caisse cargo laissee sur j33,1
vehicules sur l'entre-pistes ne repondant pas a la radio,1
confusion au repoussage en c81,1
refus de priorite vehicule sur avion en c82,1
fuite gazoil sur lima,1
doublon,1
fod dans pneu avion,1
fuite hydraulique avion en b4 et e11,1
collision remorque vehicule et avion au stationnement,1
incursion piste d'un vehicule paf,1
deversement kerosene au poste parking,1
deversement kerosene pendant maintenance avion,1
deversement kerosene pendant maintenance,1
gravier sur parking avion,1
cales avion dans la zec,1
fuite hydraulique sur train avion,1
etat d'alerte - panne moteur 2 avec fuite d'huile,1
etat de veille - detonation entendue apres decollage,1
etat d'alerte - decollage avec barre de tractage accrochee au train,1
etat d'alerte - panne hydraulique,1
etat d'alerte - sortie de piste,1
eblouissement pilote par panneau experimental airbird,1
choc sur installation cause par conteneur non securise,1
conteneurs mal stationnes,1
depart en autonome sur un poste nose in,1
deploiement du toboggan au parking,1
erreur sens repoussage,1
etare panne moteur,1
avion arrete sur mauvais point d'arret au poste de stationnement,1
suspension peril animalier,1
telephone sous l'aile,1
fuite hydraulique a21,1
activation du frein de park par le pilote pendant le repoussage,1
passager sous aile,1
"etare arret moteur, suite perte de pression hydraulique",1
avion en mouvement sans anti colision,1
etare probleme electrique,1
etare feu apu,1
etare probleme volet,1
etare probleme de volet,1
avitaillement avion avec 40 litres d'essence dans des bidons non identifies remplis a la station total en cv,1
quasi collision entre un vehicule d'assistance et un avion,1
fod (joint caoutchouc) sur b3,1
etare panne seche,1
fuite hydraulique e17,1
fod sur a5,1
fod sur m33,1
panne avion,1
interruption de push cause travaux,1
avion mal positionne en c62,1
fod sur d63,1
fod entre l17 et l19,1
fod sur b63,1
deversement d'huile,1
etare - etat d'alerte,1
etare - etat de veille,1
avions stationnes sur plots helicos,1
avions stationnes sur plots helicopteres,1
presence animale,1
mer suite vent fort,1
fuite de gasoil en l13,1
fuite gasoil en d61,1
fuite gasoil gpu,1
fod outil mecanicien avion,1
quasi collision materiel assistance et avion suite alerte mto vents violents,1
etare probleme inconnu,1
etare retour parking pour perte de puissance moteur,1
"dommage cause sur le train d'atterrissage avant, lors du repoussage",1
etare retour parking,1
barre de push cassee pendant le tractage.,1
impact avion barre de push lors du repoussage,1
etat de veille probleme de volet,1
soute cargo contaminee,1
fuite hydraulique en a35,1
bagage dgr non detecte a l'enregistrement,1
collision aviaire a l'arrivee,1
crevaison ulm,1
probleme degivrage moteur,1
fod sur b83.,1
fod a26,1
parcage avion sur plot helicoptere et traversee bretelle sans signalisation,1
clairance repoussages simultanes - quasi collision,1
repoussage non conforme a la clairance - quasi collision,1
corps etrangers dans apu exhaust,1
demarrage moteur inapproprie,1
gpu laisse en zec,1
barre metallique b73,1
fuite d'huile sur postes avions,1
flaque d'huile a24,1
"une citerne a eau potable, tractee par une charlatte, se decroche et percute un boitier 400htz",1
"passage d'une charlatte sous aile, entre moteur avion et avitailleur en cours d'avitaillement",1
panne commande balisage de piste,1
tracma sur voie de degagement,1
indication rouge clignotante sur panneau cdm genant les pilotes,1
avion mal positionne.,1
deconnexion gpu,1
fod sur n31,1
fod devant h14,1
stationnement avions sur plots helicopteres,1
fod piste bouchon reservoir avenir aviation,1
"arret repetitif de l'avitaillement, cause pax au telephone aux abords de l'avion",1
container souffle avec le vent,1
etat d'alerte vol deroute,1
erreur de chargement bagages au depart,1
compartiment soute mal ferme,1
securites non relevees en soute,1
fod : ecrou sur v8,1
palette de fret tombee sur route de service.,1
fod sur tm,1
un ecrou retrouve sur b9 au cours de l'inspection de piste,1
palette de fret en zec,1
bouchon carburant sur taxiway,1
bouchon carburant sur piste seuil 34,1
fuite gazole,1
cales retrouvee sur zec m33,1
fuite hydrocarbure,1
refus de priorite vehicule sur avion en c83,1
fuite de kerosene en b81,1
interruption repoussage car conflit au roulage,1
depat autonome en d63,1
loadsheet incorrect,1
vehicule dans la zec,1
etare - atterrissage d'urgence,1
materiels sur poste avion,1
degradation de l'enrobe sur tl,1
cones et cales retrouves sur parking avion,1
crevaison aeronef,1
grille defectueuse sur caniveau,1
non respect point d'arret parking a319,1
cales restees sur zec m11,1
pion retrouve sur r3,1
avion nogo cause choc aile gauche,1
"sacs poubelle pleins (dont 1 ouvert), retrouves sur zone apparaux proximite poste avion",1
cales laissees sur poste avion,1
"retour parking, trappe gpu restee ouverte",1
ecrou sur ligne de guidage b18,1
tube en metal sur ligne de guidage j14,1
piece metallique sur ligne de guidage j11,1
depart sirene sslia pour echauffement de train,1
retour parking suite appel anonyme d'alerte a la bombe,1
debris de pneus sur piste 17r,1
"etat d'alerte, panne hydraulique",1
non respect de la procedure de repoussage,1
incident entre une camion essencier et at4 entrant sur le parking a31,1
roulage sans autorisation du marshaller,1
choc avion xk 130,1
choc avion u2 7590,1
passage engin de piste derriere avion en cours de repoussage,1
avion mal positionne en c21,1
1 bache plastique retrouvee sur e17,1
retour terrain suite panne,1
panne eclairage manche a air seuil 16,1
fod : deversement eaux usees en l15,1
etat d'alerte : probleme volets,1
fuite hydraulique sur j11,1
fod : ecrou avion sur yankee,1
materiel hors zec sur vca,1
fod : goujon metallique sur r3,1
trou dans enrobe a l'intersection t/ta,1
trou dans enrobe niveau tn2,1
incident tri bagage ba 361,1
accrochage passerelle avec tapis bagages mal stationne en d21,1
incident escabeau passerelle d41.,1
fod sur tango mike,1
franchissement barre d'arret cat iii,1
graviers autour de la jetee,1
vehicule passant derriere un avion avec les feux anti-collision,1
interference durant repoussage avion et circulation sur twy,1
deversement hydraulique camion catering,1
graviers entre a26 et b12,1
etat d'alerte : pb roulette de nez,1
stationnement interdit,1
bris de verre sur j37,1
fuite d'huile en b10,1
- materiel avia + fret vol cargo ah stationne sur vca,1
boulon retrouve niveau r1,1
perte d'outillage sur l'aire de trfic,1
non respect sens de repoussage depuis b12,1
repoussage non conforme en a28,1
trou dans enrobe niveau ta,1
etat du sol en l19 : ornierage,1
deversement tinettes sur parking avion l17,1
materiel mal positionne vers r4 (hors zec),1
plusieurs cales avion laissees sur les postes de stationnement,1
conteneurs hors zec,1
mauvais placement avion en m33,1
panne eclairage manche a air seuil 34,1
avion en approche attaque au laser,1
bosses et eraflures sur un avion a l'arrivee,1
particules jaunes sur le fuselage d'un avion,1
collision entre un tapis bagages et un avion,1
gpu sur herbe,1
chariot a bagages sur n33,1
barre de push a proximite de tango mike,1
avion mal positionne en a21,1
retour parking cause odeur de brule a bord,1
deversement de leste vers a32,1
refus de priorite vehicule sur avion au roulage sur r2-r3,1
1 vis retrouvee sur la piste 35l vers a5,1
ancien marquage qui reapparait sur r3,1
etat de veille probleme commandes de vol,1
graviers sur l13,1
porte conteneurs mal positionnes sur vca,1
suspicion collision aviaire au decollage de nuit,1
collision aviaire 34l,1
joint trouve en bordure de la piste 17r lors d'une inspection,1
passage charlatte avia derriere avion ezy au repoussage,1
fauteuil phmr traverse tl,1
2 ake sur zone d'evolution passerelle,1
materiel mal positionne en delta,1
fod : 1 retroviseur de vehicule retrouve sur r3,1
colis sur m23,1
poubelles sur poste avion en l11,1
fod : pion d'arrimage au milieu de r3,1
materiel mal positionne sur tn2,1
fuite de kerosene sur tj,1
fod : paire de gants sur td,1
fod metallique retrouve en l15,1
materiel mal positionne empeche l'arrivee de l'avion,1
fuite de kerosene en d21,1
interruption repoussage en c81,1
souffle sur batiment dhl lors du depart ek,1
fuite gazole en m21,1
etat de veille : ratees moteur,1
intrusion piste d'une personne,1
fauteuil roulant sur aire de trafic,1
erreur non dechargement bags soute n°1,1
vehicule samsic gene depart d'urgence essencier,1
fuite hydraulique en m21,1
refus de priorite a l'avion a21,1
repoussage confus en d41,1
avion stationne sur tn2,1
fod metallique retrouve sur poste l19 (ecrou),1
avion mal positionne en l19,1
collision chariot bagages vs aeronef,1
plaque alu en l11,1
fod : sur l13,1
fod metallique retrouve vers parking golf,1
fod metallique retrouve vers parkings november,1
intrusion piste d'une vl,1
agent technique genant l'arrivee sur poste d'un avion en d61,1
incursion sur taxiway d'un push tractant un avion,1
deversement kerosene en l13,1
decouverte element etranger au niveau inferieur seuil de porte pax 1gx,1
fod metallique retrouve sur poste l19,1
fod : sur r4,1
fod metallique sur l13,1
fod : sur j33,1
fod : boulon metallique vers d21,1
trou dans chaussee sur a8,1
collision escalier technique vs avion stationne,1
refus de priorite d un avion par vehicule,1
poubelles sur poste avion,1
avion mal positionne en j37,1
petit trou dans l'enrobe sur v6,1
fuite hydraulique en n24 et e11,1
fuite kerosene en b93,1
non dechargement soute arriere a320,1
fod : dechets sacs poubelles,1
fod : palettes et sac poubelle en d43,1
2 portes palettes se deplacent seuls sur l'aire de trafic,1
collision aviaire 17l avec possible dommage avion,1
materiel genant degagement essenciers,1
fod : pieces metalliques sur d21,1
fod : patin de loader sur c61,1
fod : poignee metallique sur k3,1
fod : barre de fer en k52,1
traces de gommes epaisses sur piste 35l,1
repoussage avec porte de soute ouverte,1
etat d'alerte : pb fermeture porte,1
incursion d'un vehicule sur taxiway,1
crash piper pa28 sur un entrepot,1
passage engins derriere avion moteurs tournants,1
panneau cat i a9 arrache lors des tontes,1
fuite d'huile en d41,1
retrait escabeau paxs sans autorisation de l'equipage,1
etat d'alerte - deroutement cause depressurisation en vol,1
fod sur parking c/d 45,1
casse des fusibles de barre de push lors du repoussage en b12,1
avion mal positionne en n13 iso n23 car pas d'assistant,1
repoussage stoppe a cause d'un autre avion au roulage,1
baton de marche sur voie de service au satellite t1,1
refus de priorite camion help sur avion au repoussage en b81,1
vehicule dans le psi,1
coupure generale d'electricite,1
alarme balisage intempestive,1
fuite hydraulique avion sur l15,1
degagement d'urgence avitailleur bloque par un chariot,1
fod retrouve vers a26,1
fod sur le parking d12 (piece metallique) + fod sur bretelle t3,1
fod sur d13,1
incident de tractage,1
observation drone en cp,1
deversement tinettes en d63,1
fuite kerosene en a30,1
pointage laser,1
fuite de kerosene en e11,1
plainte pilote lampes lateral 35 genantes,1
etat d'alerte - fumee dans le cockpit,1
debordement kerosene sur d43,1
chaine metallique sur l15,1
disque metallique retrouve sur la piste de lyn,1
materiel en panne sur tb,1
fod : graviers sur parking b12,1
fod : graviers sur parking bravo 18,1
atterrissage helico a proximite d'un avitaillement,1
deversement kerosene en j31,1
collisison aviaire 35l,1
collision entre aeronefs dans hangar lors d'un tractage,1
feu de balisage + coffret electrique casses,1
fuite hydraulique en j37,1
coupure electrique generale,1
collision aviaire dans l'approche ezy8415,1
"repoussage non conforme en b12, trop long",1
piece metallique sur m22,1
echauffement de trains sur cessna 172,1
fod retrouve sur n33,1
collision aviaire en montee,1
fuite hydraulique d'un loader en b83,1
deversement kerosene en d41,1
fod metallique retrouve vers l19,1
escabeau mal positionne sur cheminement pietons,1
etat d'alerte : echauffement de train,1
fod trouve sur la bord de la piste,1
collision aviaire sur 17l avec pigeons colombins,1
mise en route d'un moteur avant la fin du tour avion,1
remise de gaz suite quasi-collision avec vol d'oies dans l'approche,1
fod sur m12,1
refus de priorite d un avion par 2 engins,1
etat d'alerte : fumee et odeur en cabine sur drs,1
vidange toilettes en d61,1
depart en autonome non autorise de l'an124 en m42,1
mauvais positionnement camion avitailleur en a22,1
an124 arrete sur la mauvaise marque d'arret au parking,1
etat d'alerte suite panne moteur gauche cj 2,1
fod au seuil 34,1
fod sur piste entre a1 et a2,1
sacs poubelles ouverts sur aire de trafic,1
palette sur voie de circulation,1
un extincteur retrouve au milieu des parkings avions,1
fuite kerosene sur parking a30,1
deversement kerosene en c83,1
fod autour du t3,1
choc aux installations rampe j35,1
un avion roule sur la barre de push en fin de repoussage,1
atterrissage dur d'un helicoptere,1
telephone dans psi,1
barre de push cassee durant le repoussage de l'avion en b81,1
fuite tinette avion en l13,1
fuite kerosene en c81,1
etat de veille : voyant defaut electrique,1
repoussage non conforme en d63,1
souffle aeronef en a31 sur camion avitailleur en a30,1
refus de priorite vehicule sur avion au repoussage en d21,1
collision aviaire dans l'approche,1
fod sous apu en j19,1
etat de veille pour un 737-800 de la cie transavia avec un probleme d'anti-patinage,1
fuite hydraulique en j39,1
fod dans apu,1
materiel genant le positionnementdes essenciers,1
gravillons en j37,1
deversement tinettes sur parking avion d23,1
fod metallique retrouve en j32,1
petit trou en formation sur a4,1
bouchon de reservoir vehicule sur ligne de guidage d23,1
feu de chargeur charlatte,1
crevaison avion au point d'arret a4,1
fod en l19,1
choc avion avec chariots fret suite rafales de vent et pb freins,1
deversement kerosene sur er3 en e13,1
palette de fret tombee au sol,1
non respect de la zone psi,1
fod l11,1
fod sur aire helico,1
etat d'alerte : pb hydraulique train,1
boulon sur j11,1
refus de priorite d un avion en j33,1
absence de cones en bout d'ailes,1
deversement tinettes sur parking avion,1
etat d'alerte suite probleme de train,1
intrusion perimetre avion de servair et sasca,1
fod sur j37,1
fuite de kerosene en m43,1
fod metallique retrouve en j41,1
fod metallique vers b63,1
fod vers route de service r4,1
mauvaise visibilite au roulage,1
b738 depasse sur la voie de service,1
vehicle close proximity during asu eng 1 start,1
pilote telephone pendant son tour avion durant les pleins,1
3 fod sur la piste,1
materiel genant la voie petrolier,1
mauvais stationnement avion en n23,1
risque de presence indesirable sur une aire : anti-echappement,1
plots de chantier deplaces par le vent,1
sacs poubelles laisses sur le sol,1
stockage fod sur aire mike,1
sol parking avion verglace,1
deterioration mineure sur enrobe piste,1
fuite deverglacant en j32,1
mauvais positionnement de l'escabeau arriere,1
passage d'un vehicule derriere un avion avec feux anti-collision allumes en b73,1
fuite matieres dangereuses d'un colis fret,1
fuite hydraulique d'un escabeau entre e13 et e17,1
fuite de kerosene en a36,1
erreur de parking d'un avion entre b63 et b71,1
collision escabeau avion en l17,1
fuite hydraulique d'un loader en d22,1
degradation cloture au niveau du fret,1
fod : by-pass pin retrouve sur c80,1
fod metallique retrouve sur parking mike,1
vehicule de police roulant sur le cheminement pieton t3,1
fuite hydraulique en a23,1
4 porte conteneurs sur zone evolution passerelle,1
portes conteneurs sur zone evolution passerelle en d21,1
fod : morceau de bois sur ta,1
fod metallique retrouve en m12,1
degat sur installation en b10,1
containers bags mal ranges,1
refus de priorite d'un avion de la part de 2 camions de catering,1
collision aviaire avec dommage avion (fan endommagee),1
fod metallique retrouve en j33,1
fuite kerosene en n22,1
surchauffe moteur n°1 : b757,1
fod : graviers sur tango,1
collision aviaire detectee en visite pre-vol,1
vehicule sans frein a main traverse les parkings avions,1
incident cable 400hz en d43,1
absence phare sur avion a l'arrivee,1
accrochage 400 htz passerelle d43,1
un akh defectueux degrade le plafond de la soute avion,1
entree en zec d'un help sans autorisation du placeur avion,1
palettes de fret non dechargees a l'arrivee d'un vol,1
accrochage passerelle d23 par tapis bagages,1
deversement liquide refroidissement en b14,1
quasi collision entre avion et push,1
non respect clairance push en d41,1
3 flaques d'huile en a23,1
refus de priorite bus sur avion en e17,1
defaut electrique sur onduleur poste nord,1
fod en cp,1
etat d'alerte - suspicion feu moteur,1
trou en formation a4,1
collision uld avion,1
fod sur ligne de guidage j41,1
ake stocke au sol sans attaches,1
deversement eaux usees en j37,1
fuite hydraulique en d63,1
crevaison a l'atterrissage d'un cessna,1
depart en autonome depuis d41,1
fuite kerosene sur j35,1
deversement liquide sur a25,1
accrochage passerelle d23 sur e175,1
plusieurs feux lateraux sur l'aire de trafic hs (suite deneigement),1
roulette de nez avion bloquee,1
feu 124 piste 35l deteriorie,1
depart de feu sur tracma en salle de tri bagages du t2,1
fuite hydraulique sur a3,1
"fod, piece metallique sur la jetee",1
fuite de kerosene sur la ligne de guidage d61,1
degats sur passerelle d61,1
fuite de kerosene parking m31,1
container a proximite de a8.,1
graviers sur m12,1
refus de priorite avion d22,1
interruption d'un repoussage suite gse passant derriere l'avion,1
fuite de kerosene en n24,1
refus de priorite vehicule sur avion en d23,1
etat d'alerte qrf probleme volets,1
balise solaire sur a4.,1
entree en zec sans autorisation du catering,1
collision aviaire approche 35r,1
refus de priorite camion degivrage sur avion en d43,1
deversement hydraulique sur a31,1
refus de priorite camion de chantier a avion en d21,1
difficulte d'orientation pour trouver le parking b71 depuis tc,1
refus de priorite avion en a21,1
manque d'informations concernant un nouveau materiel installe en vigie,1
blocage help pmr par avitailleur,1
deversement gasoil gpu en e17,1
deversement carburant sur b61,1
fuite d'huile sur d61,1
collision aviaire approche 35l,1
debordement kerosene sur n22,1
barre metallique vers c63,1
bus et camion avitailleur en zec sans autorisation,1
camion catering en zec sans autorisation,1
2 oiseaux retrouves sur la piste 35r,1
erreur de repoussage de d41,1
fod sur j35,1
encombrement zec par un gpu,1
refus de priorite charlatte avion,1
incident balise detresse avion au sol,1
bus en zec sans autorisation,1
fuite de kerosene en b91,1
autre repoussage non conforme en d42,1
repoussage non conforme en d42,1
fuite kerosene sur tj,1
chef avion au telephone pendant l'avitaillement,1
repoussage non conforme en d41,1
fod sur a3.,1
disfonctionnement balisage,1
integration circuit aerodrome sans contact radio,1
panne manche a air sud,1
panne ecran camera twy tn,1
fuite de kerosene en k52,1
panne de la telecommande de balisage (pcl),1
wig wag hs + manche a air nord,1
fod sur axial piste 34,1
balisage de piste endommage par avion,1
fod au point d'arret a4,1
atterrissage sans train sorti,1
collision aviaire sur la piste 34,1
etat d'alerte avion en difficulte,1
crevaison avion sur piste,1
suspicion non verrouillage train atterrissage,1
train non verrouile,1
sortie de piste robin dr400,1
incident surete : bags sans surveillance,1
fod sur piste 16,1
degradation cloture,1
atterrissage nocturne sans contact radio,1
deroutement suite collision aviaire chambery,1
degradation cloture exterieure,1
etat d'alerte sur cessna - fr172,1
fod sur tn et a3,1
porte avion mal verrouillee au depart,1
fuite hydraulique en n43,1
debordement kerosene en e15,1
fuite hydraulique d'un vl sur b91,1
repoussage non conforme en d61,1
goujon en acier sur poste m21,1
probleme de souffle sur la jetee,1
oubli de fermeture du panneau gpu,1
debris de verre sur j35,1
fuite hydraulique d'un loader en c21,1
eclat de peinture sous moteur crk cause par le rail de securite d'un tapis bagages,1
fod en c62,1
fuite hydraulique d'un loader sur b83,1
collision aviaire decollage 35r,1
repoussage dangereux avec help dans zec,1
collision aviaire piste 35r,1
"panne d'eclairage sur les parkings echo, kilo et lima",1
cable balisage sur accotement piste 17r/35l,1
"pax avec cigarettes, photos et telephone durant l'avitaillement",1
non respect des procedures de securite avitaillement par l'assistant,1
refus de priorite vl/avion,1
collision aviaire avec retour parking,1
pax fumant pendant l'avitaillement,1
fuite de kerosene sur n22,1
fod sur 35r,1
tringle metallique sur b81,1
refus de priorite avitailleur avion,1
loader endommageant la porte de soute de l'avion,1
ecrou sur b92,1
fuite kerosene sur e11,1
deconnexion de la barre de push pendant le repoussage,1
paxs sur aire de trafic,1
un bouchon de reservoir engin piste sur j11,1
non respect des procedures securite pendant avitaillement,1
deversement eaux usees avion sur c61,1
fuite de gasoil equipement en c63,1
fod metallique sur k52,1
charlattes et chariots bagages hors emplacement en e17,1
accrochage camion avitailleur-barriere mat b93,1
containers mal positionnes en e17,1
collision loader avion,1
fuite hydraulique sur une charlatte en e17,1
poignee d'une vanne d'equipement sur c23,1
fuite de gasoil sur e11,1
passagers fumant pendant l'avitaillement,1
materiel mal positionne en e17 et k52,1
materiel hors zone,1
materiel hors zone en e17,1
fod : morceau de ferraille sur b91,1
une trentaine de containers hors zones de rangement,1
containers ah mal positionnes en k52,1
conteneur mal arrime,1
cable de liaison casque avion sur a36,1
esacabeau genant assistance en l15,1
15 portes palettes genants sur e17,1
graviers en a33,1
une piece metallique sur r3,1
impact foudre sur avion,1
repousssage non conforme,1
panne du balisage piste 35r cause foudre,1
etat d'alerte sslia pour panne moteur,1
etat de veille pour odeur dans cockpit,1
collisions aviaire sur 17l,1
camion avitailleur trop proche du reacteur,1
manque de balisage travaux de nuit,1
sacs poubelles eventres sur c63,1
verin de loader sur voie de service,1
fuite gasoil sur e11,1
plaque metallique retrouvee sur c61,1
etat de veille pb depressurisation lente,1
conflit petrolier et assistance pmr,1
beton qui se degrade autour des plaques d'egout en m13,1
tache d'huile sur m21,1
retrait de l'escalier mobile avant fermeture de la porte avion,1
palette de fret tombee au sol en b92,1
intrusion en zec par avitailleur avant autorisation,1
intrusion en zec du camion avitailleur,1
croix de st andre trop forte,1
conteneurs avion non arrimes sur voies de service,1
graviers sur c21/c23,1
fod : piece avion sur 17l,1
quasi-collision avec rapaces au decollage,1
colllision aviare 17r,1
faible separation entre avions,1
zones apparaux genant le degagement avitailleurs,1
aka tombe a terre,1
trou sur c21,1
tache de fuel sur n21,1
cle de serrage en j33,1
demande notam tardive,1
fod sur a29,1
camions sur parking avion mike,1
coordination travaux de nuit,1
fuite gasoil en m21,1
9 portes conteneurs genants en e17,1
incursion twy par vehicule surete,1
fuite gasoil en c43,1
collision animale sur 35r,1
morceau de ferraille sur c21,1
panneau gpu tordu,1
palette tombee sur parking avion,1
collision aviaire sur 17l,1
fod : goupille metallique sur d26,1
etat de veille probleme de frein,1
degat sur installation : portique sous jetee,1
stationnement camions fret sur parking avion,1
etat de veille sslia pour probleme de pressurisation,1
push sur zone de rassemblement pax,1
inspection piste suite appel tour,1
materiel genant en e17.,1
etat du sol entre le t1 et le t2,1
manque de separation entre un repoussage et une entree en poste,1
fuite de gazoil en a32,1
fuite hydraulique td-c41,1
fuite de kerosene en c43,1
fuite hydraulique en c41,1
accrochage camion catering vs tracma en b63,1
deversement kerosene sur c23,1
porte avion rayee par passerelle,1
collision aviaire a 4nm,1
ressort metallique sur b92,1
fusible de barre sur c81,1
intrusion zec par avitailleur,1
ecrou sur voie de service vl,1
morceaux de verre sur m12,1
push gene degagement essencier,1
materiel sur zone evolution passerelle,1
deversement hydraulique sur b83,1
collision passerelle avec sonde pitot,1
collision aviaire approche 17l,1
push sur zone de rassemblement paxs,1
materiel hors zone de rangement,1
materiel hors zone apparaux j19,1
collisions aviaire dans l'approche 35r,1
beton satujo c21 s'effrite .depart de materiaux,1
fod sur m23,1
collision aviaire en 17l,1
concentration d'oiseaux sur piste,1
etat d'alerte fuite hydraulique et echauffement train avion,1
choc avion tapis bagage en soute arriere,1
depart materiaux beton suite accrochage pare-souffle avec engin,1
beton qui s'effrite legerement en m12,1
beton satujo b81 s'effrite. depart de materiaux,1
materiel sur zone evolution passerelle en b83,1
fuite hydraulique sur a27,1
etat d'alerte niveau 3 sur hop4067 suite odeur suspecte,1
tas de palettes en bois sur a cote de la zec,1
trou en formation sur ligne de guidage tango,1
probleme placement en b81,1
fuite hydraulique en d26,1
fod (caillou) sur d22,1
poussettes gsf genantes en e17,1
refus de priorite tracma avion,1
deploiement accidentel du tobaggan d'evacuation de l'avion,1
b737-800 non autorise sur n24,1
fod sur tn2,1
chariots bagages genants,1
materiel hors zone en b83,1
tache d'huile sur parking avion,1
materiel mal positionne en j19,1
poussettes gsf sur e17,1
5 dollies sur zone e17,1
planche de bois sur tj,1
probleme distance de separation entre 2 repoussages,1
chien errant sur yankee,1
rupture de 2 boulons sur une roue avion,1
fod sur voie de service (ressort),1
panne mosquito sur ev1,1
probleme encadrement pax sur tarmac,1
agent piste blesse sur fourmi,1
fod sur c21,1
croisement aeronef / paramoteur,1
croisement paramoteur avec avion en vol,1
bris de verre sur c41,1
retour parking suite collision aviaire,1
chariots bagages hors zone materiel,1
collision aviaire en finale 35r,1
collision loader avion cargo,1
erreur parking avion,1
materiel mal range pouvant gener un depart en e17,1
fod entre tj et e11,1
deversement de ble en c43,1
tache huile hydraulique en e11,1
passagers au telephone et e-cigarette pendant l'avitaillement,1
fuite hydraulique en k52,1
probleme mosquito sur vehicule ppa,1
7 portes palettes pouvant gener depart en e17,1
tracma genant sur voie de service,1
deversement hydraulique en b61,1
tige metallique sur c61,1
materiel hors zone b83,1
materiel genant en j19,1
flaque gasoil sur zone de rangement e15,1
vehicule devant le camion avitailleur,1
panne mosquito,1
nombreux materiel mal range,1
risque de collision avion / avitailleur,1
fuite hydraulique d'un loader,1
qualite vhf atc,1
degagement petrolier insuffisant si a330 en b73,1
fod sur 17l,1
gravillons sur piste 35l,1
billes de roulement sur parking avion,1
feux anticollision pendant avitaillement,1
fuite hydraulique vehicule,1
escabeau paxs au milieu de la voie de service n,1
conflit bus avitailleur sur la jetee,1
agent au telephone pendant l'avitaillement,1
passagers sans surveillance a l'embarquement,1
fusible de barre de repoussage casse,1
fuite hydraulique sur b61,1
bouchon reservoir avion retire,1
trou sur ligne de guidage ta,1
demarrage moteur avec avitailleur derriere,1
paxs au telephone durant les pleins,1
debris de verre sur aire charlie,1
fuite d'huile vehicule sur d26,1
paxs au telephone pendant avitaillement au t3,1
fod sur m32,1
autorisation traversee de piste pendant decollage,1
petit trou en formation vers c81,1
charlatte sous l'aile pendant les pleins,1
une planche de bois retrouvee sur tj,1
fod metallique sur r3,1
materiel hors zone de rangement en e11,1
telephone + e-cigarette pendant l'avitaillement,1
tracma qui percute la barriere du parif 17,1
mecanicien au telephone pendant l'avitaillement,1
tige metallique retrouvee sur j35,1
personnel au telephone pendant l'avitaillement,1
piece metallique retrouvee sur j19,1
voie de degagement petrolier encombree,1
trou en formation b81,1
valise envolee sur tawixay tango,1
poussette enfant envolee sur a8,1
container envole sur parking mike,1
conteneurs envoles vers s6,1
materiel sur zone evolution passerelle en c23,1
etat d'alerte avion short fuel,1
collision entre un container bags et un bus,1
tour avion avec telephone pendant les pleins,1
choc escalier pax avec avion,1
9 portes palettes mal positionnes en e17,1
divergence entre la loadsheet et le chargement reel a l'arrivee,1
fuite hydraulique entre a3 et a4,1
1 telephone retrouve au niveau de r2,1
conteneurs mal ranges deplaces par le vent,1
collision aviaire avec impact radome,1
10m de corde retrouvee sur j11,1
loader en panne sur parking avion d26,1
debordement tinette,1
chaussee deformee vers tc,1
loader mal range dans la zec,1
mauvaise comprehension du pusher de la clairance repoussage,1
trou en formation sur route de service en front du t2,1
enrobe fissure sur tango,1
bagagiste au telephone pendant l'avitaillement,1
immatriculation incorrecte sur la loadsheet,1
panne eclairage mats aire de trafic (e/k/l/j),1
collision entre vehicules impactant l'avion,1
materiel mal range en c81,1
collision palette avion au chargement,1
trou en formation satujo entre c43 et c61,1
materiel mal range en delta,1
intrusion pieton cote piste (tra),1
3 personnes a pied sur l'aire de manoeuvre sans contact avec la twr,1
poinconnement sur poste b12,1
poinconnement poste b10,1
materiel mal range dans zec c43,1
container hors zone de rangement,1
camion en panne au milieu d'un poste avion (a32),1
fod en k54,1
fiche passerelle erronee,1
pax bloques sur le tarmac,1
radio lutte aviaire inaudible par le sna,1
materiel avp sur zep en j31,1
fourmi sur cable 400hz cause un dommage sur panneau gpu,1
agents paf fumant au t3,1
materiel mal range sur b93,1
escabeau pax non verouille a l'embarquement,1
attente avion au sol car parking occupe,1
mise en route atr dangereuse pour avitailleur,1
materiel genant sur zep b81/83,1
probleme affichage parking,1
materiel genant zone apparaux sasca,1
fod sur c43,1
materiel genant en e11,1
parking avion c42 inadapte b772,1
probleme service ppa,1
marquage incoherent sur td,1
degivrage avant les pleins,1
zone avitaillement encombree en echo,1
pax au telephone lors de l'avitaillement,1
tache d'huile devant avp piste,1
poinconnement sur poste b14,1
nombreux graviers sur m43,1
conflit bus avitailleur en jetee,1
sac de graviers eventre sur a33,1
piece metallique sur l19,1
congeres de neige a cote du poste e15,1
probleme depressurisation,1
tige metallique sur tb,1
deversement kerosene en n42,1
fissure pare brise avion,1
materiel genant emplacement essencier,1
materiel genant sur emplacement essencier,1
manque de visibilite des cameras pole trafic,1
push sur zep,1
materiel genant sur vdc au niveau du fret,1
anticollision allume avec petrolier encore sous l'aile,1
trou en formation j37,1
probleme nettoyage parking apres degivrage,1
materiel genant virage pif 17,1
satujo deteriore j13,1
materiel sur emplacement essencier,1
tige metallique sur tl,1
pax au telephone pendant les pleins + comportement handling,1
tapis sur zec,1
deversement kerosene en c41,1
mauvais alignement a l'atterrissage 35r,1
etat d'alerte sslia pour voyant temperature train,1
collision aviaire35l,1
quasi collision avion avitailleur en poste,1
refus de priorite vehicule / avion,1
pax utilisant leurs telephones pendant l'avitaillement,1
fod sur l13,1
avion qui recule etant cale,1
incursion chiens,1
incompatibilite repoussages simultanes a24 / a25,1
mouvement avion sans feux anticollision,1
flaque d'huile sur e17,1
intensite balisage piste trop forte,1
80 feux d'axe de la piste 17r/35l fendus,1
depart autonome sans respect des regles de securite,1
mauvais calage avion,1
mauvais positionnement avion,1
telephone pendant avitaillement,1
gravier en d26,1
deversement hydraulique a24,1
deversement carburant l15,1
trou en formation piste 35l niveau a4,1
intensite balisage 17l trop fort,1
"repoussage b61 ""standard"""" insuffisant""",1
"repoussage b14 ""standard"""" insuffisant""",1
bris de verre sur e17,1
collision avion camion pushback,1
tache de gas oil,1
risque aviaire 35r,1
refus de priorite bus avion,1
intensite balisage piste 35r trop fort,1
panneau cat3 hs sur a9.,1
materiel genant sur golf,1
collision avitailleur - assistant,1
deversement carburant sur pka21,1
collision aviaire sur 35l avec degat moteur,1
filet soute mal ferme,1
boite d'huile sur parking a25,1
balisage trop fort en 35r,1
barre metallique retrouvee sur b16,1
tube en metal retrouve sur a35,1
tringle metallique sur e17,1
verrous non souleves soute avion,1
intensite balisage piste 17l,1
manche a air hs,1
conteneur stationne proche ligne de guidage c21,1
conteneurs ek mal positionnes genent un avion au roulage,1
intensite balisage piste 35r,1
accident repoussage b91.,1
refus de priorite en d26 par vl brinks,1
fuite hydraulique sur a319 ezy,1
satujo deteriore b92,1
deversement vidange toilettes en l11,1
escabeau passagers retire de l'avion avant la fermeture de la porte paxs,1
balisage piste 35r trop fort,1
fod sur b73.,1
collision aviaire 17r.,1
nombreux passagers avec leur telephone dans le psi,1
passagere qui telephone et fume durant l'avitaillement,1
fuite hydraulique sur a34,1
paxs qui telephonent dans le psi,1
passagere qui fume durant l'avitaillement,1
roue endommagee sur avion a319,1
balisage axial juge trop fort,1
balisage piste 35r/17l trop fort,1
paxs qui fument dans le psi du vol tvf 3946,1
fod sur m32.,1
morceaux de pneu sur la piste 36l,1
paxs qui telephone dans le psi de l'avion,1
paxs fument dans le perimetre securite incendie de l'ezy,1
intensite balisage insuffisante approche piste 18l,1
chiens errants sud du terrain,1
etat d'alerte - probleme hydraulique sur volets,1
defaut allumage croix de st andre,1
fuite gasoil tapis bagage en b93,1
deversement de kerosene en c63,1
refus de priorite en c23,1
balisage lateral piste 35r/17l trop lumineux pour pilote,1
intensite du balisage lumineux en 36r,1
collision aviaire sur aigle azur avec ingestion dans moteur n°1 au decollage en 36l,1
erreur de marquage en j39,1
refus de priorite en b93,1
fuite hydraulique en b61,1
chariot bagage sans freins,1
debordement kerosene en b81,1
collisions aviaire 36l,1
refus de priorite en b83,1
fod sur la piste 36r,1
fuite hydraulique d'un loader en c61,1
deversement de kerosene en b61,1
etat d'alerte - perte de puissance moteur en 36l,1
fod - vis dans pneu avion en l11,1
fuite loader en b92,1
choc passerelle avec tracma en c21,1
deversement kerosene en b18,1
deversement kerosene en b93,1
choc avion avec tapis bagage en b12,1
loader avp sur b92,1
escabeau avp sur b92,1
fuite hydraulique d'un loader en m12,1
refus de priorite a l'avion b73,1
mauvaise affectation parking b777-300 en b82,1
fuite hydraulique d'un loader en d21,1
fod sur a6.,1
tractage sans contact radio en bravo,1
fuite hydraulique vehicule en l13,1
incendie en zone tri bagages du t2,1
probleme affichage avion en test sur radar irma,1
refus de priorite en c41,1
quasi-collision apres repoussage en c43,1
fod a l'est de la piste 36r,1
refus de priorite en b63,1
fod en c61,1
accrochage avion air transat b93.,1
etat d'alerte - vibrations cockpit,1
choc avion avec fauteuil phmr,1
erreur de repoussage en b93,1
fod sur v5.,1
avion en panne sur tc,1
fod sur b14.,1
materiel genant sur c83,1
encombrants en aire de trafic,1
probleme d'adressage des mosquitos des vehicules elec 9 et elec 2,1
trou deformation de chaussee b12.,1
fod en a32,1
nid d'oiseau dans apu en d23,1
fod sur ligne de guidage d21.,1
fod en a22,1
fod en b91,1
fod sur delta,1
fod sur voie de service tj,1
fusible casse sur barre de tractage au repoussage en b92,1
fod sur a4.,1
mauvais positionnement d'avion n41,1
depart sur la gauche e15 non autorise.,1
absence de placeur en n23,1
debordement de kerosene en a22,1
passager en train de fumer en j35,1
quasi-collision entre un camion avitailleur et un avion en b73,1
refus de priorite avion b8.,1
defauts de communication sur le reseau balisage,1
choc avion avec camion avitailleur en b16,1
arrivee avion sur poste ferme en a24,1
fod sur voie de service r3,1
refus de priorite en a34,1
deversement kerosene en c43,1
panne sur les automates du poste sud,1
etat de veille en approche 36l,1
fod sur b4.,1
protection helice twin jet a30.,1
protection reacteur sur m33,1
collision entre deux vehicules en b10,1
fod a proximite de b91,1
verrine de feu anti-collision cassee en a32,1
fod en c81,1
incursion de piste 18r/36l apres atterrissage en 36r,1
etat d'alerte - probleme technique roulette de nez,1
decalage sur l'axe loc 36r,1
fod sur n21.,1
loader avp en panne sur d23,1
probleme de communication avec flyco en a3,1
materiel genant sur b73,1
fod sur a26,1
materiel laisse sur m31,1
refus de priorite en c63,1
repoussage sans clairance l13,1
deplacement non intentionel en b91,1
dysfonctionnement barre d'arret a9,1
absence de mosquito sur secu 14,1
erreur de repoussage en c43,1
avion mal positionne k1,1
essais moteurs en s6,1
etat de veille en approche en 36r,1
refus de priorite par un pieton en d26,1
erreur de repoussage en b12,1
collision entre un vehicule de catering et un avion en b71,1
erreur de repoussage en b10/b61,1
erreur de cheminement sur tb et tc,1
erreur de stationnement en b10,1
detritus eparpilles sur la voirie pres de c83,1
fuite hydraulique en d22,1
fuite hydraulique en b63,1
utilisation d'un telephone en j35,1
refus de priorite pres de c61,1
passager en train de fumer lors de l'embarquement en l15,1
probleme de degivrage en b63,1
probleme de degivrage en l19,1
probleme de degivrage en c81,1
probleme de degivrage en l11,1
probleme d'eclairage sur le parking mike,1
fuite hydraulique d'un loader en j15,1
fod sur t8.,1
fuite hydraulique en c43,1
etat d'alerte: fumee a bord d'un avion,1
fuite hydraulique en a30,1
erreur de repoussage en b63,1
etat d'alerte: probleme hydraulique avion,1
tractage sans contact avec la tour de c81 vers k52,1
roulage interrompu sur l'aire alpha. refus de priorite,1
collision avion avec tapis bagage en j37,1
erreur de repoussage b61,1
refus de priorite en d26 (catering),1
divers fod suite au vent.,1
un avion stationne tourne de 90° a cause du vent,1
absence de placeur pour urgence medicale en j37,1
confusion dans les procedures de convoyage a1,1
visibilite du marquage en c23/c41,1
incursion de vehicules de chantier sur tra en a21/22,1
fod sur m42.,1
fod sur b6,1
collision animale 18l.,1
quasi-collision entre aeronefs au sol en b18/b61,1
collision tracma - avion en c43,1
fod sur c42,1
fuite hydraulique vehicule entre juliet et mike,1
fod en n21 - sac de leste perce,1
avion mal positionne m13,1
quasi-collision avion - avitailleur pendant repoussage. refus de priorite,1
fod - graviers en c61,1
1 lievre ecrase sur 36r,1
decrochage barre de push sur aigle azur,1
trop forte intensite du lievre en 18l,1
un ecrou de chariot bagages retrouve au niveau de b81,1
non respect du sens de repoussage en b81,1
une trappe de crj retrouvee sur a5,1
deversement kerosene sur tl,1
fod - vis semees entre l21 et parif 17,1
acft mal positionne en k31,1
fod en c41,1
fuite hydraulique d'un a320 en c61,1
balisage travaux endommage en l21,1
fod sur j15,1
fod sur a8,1
collision tracma - avion en n24,1
deformation enrobe en b92,1
accrochage chariot bagages avec aeronef,1
un lievre ecrase sur 36l,1
graviers en j14 et j16,1
non respect des procedures de repoussage en j16,1
avion mal positionne j13,1
fod sur piste 36l.,1
choc avion l11,1
veille: fuite de carburant a l'atterrissage,1
collision avion - tapis bagage,1
deconnection barre de push pendant le repoussage en b83,1
non respect des procedures de depart en e15,1
accrochade rambarde escalier atr.,1
refus de priorite avion en a32,1
non respect des procedures de depart e15.,1
pneu eclate pendant l'atterrissage.,1
non respect des procedures de depart en e13,1
fuite hydraulique en b73,1
gravier en a21,1
fuite sur tapis bagages b83.,1
perturbation du systeme de gestion des barres d'arret,1
quasi-collision avion - vehicule sslia en b14. refus de priorite,1
gpu trop proche de la connection avitaillement,1
non respect des procedures de depart (ac accord r.piste adl) en e15,1
debordement de kero en b91,1
avion mal positionne l19,1
non respect des procedures de depart en e11,1
pax fume pendant l'avitaillement en l15,1
effets de souffle en b61,1
fuite de kerozene en e15.,1
flaque de kerosene en b91,1
passerelles et materiel mal range a l'arrivee d'un vol - c81,1
non respect des procedures de depart - mike,1
graviers en b14,1
fod sur l17.,1
collision glissiere de securite - tracma en c62,1
bris de verre en c63,1
accrochage aile avion avec escabeau paxs,1
perte de communication automate balisage,1
graviers sur b16,1
passage tracma sous passerelle,1
refus de priorite vers d27,1
fuite hydraulique barre de push - a26/27,1
debut tractage sans autorisation,1
colision animale 36l,1
fuite de kerosene et d'huile sur les 2 moteurs en c21,1
tache d'huile sur b61,1
depart en autonome interdit en e13,1
gravier en b80,1
piece metallique sur aire de trafic,1
deversement en a27,1
fuite hydraulique vehicule sur b12,1
etat d'alerte - collision aviaire,1
fod aviaire 36l,1
balisage lumineux tl en panne,1
fod vers j39,1
repoussage non conforme en b63,1
tache d'huile en a24,1
parking souille par glycol en a24,1
refus de priorite avion en d21,1
probleme de mosquito - ev,1
defaillance avion antonov,1
cable 400hz non enroule en b63,1
defaillance de la commande de balisage,1
debordement de kerozene en l19,1
fod sur d27.,1
fod entre m11 et m13,1
bouchon avion eau potable.,1
dysfonctionnement systemes informatiques twr-cco,1
graviers en l15,1
non respect des indications de repoussage,1
refus de priorite en d27,1
cable 400hz endommage en b73,1
risques incendie - avitaillement,1
debut d'incendie depart 21,1
flyco indisponible pour evaluation de l'etat de la piste (pc neige),1
panne vehicule sur b14,1
quasi-collision avion - avitailleur. refus de priorite,1
deformation du sol en e17,1
co-activite: non respect des regles durant l'avitaillement,1
incursion man par 2 pietons en t/tm,1
plaques de verglas sur poste avion a32/33,1
placement avion sans placeur,1
fuite de kerosene a27,1
dommage 400hz b73,1
fuite de kerosene j35,1
feu sur leve-container en d21,1
fuite de kerosene l15.,1
repoussage et tractage sans autorisation en b83,1
lampes de balisage manquantes en 18l,1
sol glissant suite fuite de kerosene,1
quasi-collision entre 2 avions lors du repoussage en b61,1
casse de la barre de tractage et depart sans autorisation en b81,1
fuite vidange toilettes avion en b61,1
deversement de kerosene en n23,1
faible visibilite - risque de collision,1
fuite de kerosene n23,1
panne du reseau informatique sur l'aeroport,1
gta injoignable,1
debordement d'aile hangar sms,1
refus de priorite par berlingo blanc,1
marquage au sol - aire n,1
incursion de piste,1
graviers sur le poste d21,1
decollage sans autorisation de la twr,1
collision aviaire 36l.,1
panne moniteur lointain ils suite intervention dt adl,1
poiconnement important sur le parking e17,1
collision avion - avitailleur en l15,1
ecart de repoussage en a30 (lvp),1
effets de souffle ressenti en b18/b61,1
quasi-collision avion - avitailleur en b81 (occurrence2). refus de priorite,1
refus de priorite avion en b81 (occurrence1),1
fuite hydraulique d27,1
refus de priorite avion - vehicule balayeuse glycol,1
fuite kerosene sur avion.,1
probleme sigma (logiciel pca),1
patin de loader,1
pneus sur avion hs.,1
collision avion - barre de repoussage (ss dommages),1
etat d'alerte - probleme de volets + panne hydrolique,1
fuite hydraulique sur avion hop,1
fuite hydraulique sur avion easy-jet,1
encombrement ligne de guidage lors du repoussage,1
transpondeur aeronef eteint lors du roulage,1
etat d'alerte - bruit anormal sur train principal,1
messages d'alerte foudre,1
marquage en novembre,1
echauffement de train sur crj 1000,1
coupure telecommande de balisage,1
incursion tra par individu a pied,1
refus de priorite avion par vehicule nettoyage,1
fuite de liquide hydraulique,1
autorisation de repoussage non conforme en b71,1
autorisation d'atterrissage sur piste occupee,1
passerelle mal positionnee en b81,1
refus de priorite par vehicule en c41,1
probleme d'orientation d'un vehicule sur man,1
autorisation atterrissage sur piste occupee par le flyco,1
fod sur poste avion b92.,1
debris de verre sur 36r au niveau de b4,1
erreur de sens de repoussage en b63,1
defaillance balisage a9,1
repoussage non conforme en a24,1
affaissement du sol en l17,1
absence marquage roulette de nez c62.,1
impact foudre sur la twr et autour,1
foudre - coordination sna adl assistants,1
ornieres enrobe sur poste avion a23 - a24,1
debordement de kerosene en b91,1
enrobe endommage j32,1
fuite de kerosene en l19,1
fuite de kerozene l19,1
erreur de sens de repoussage,1
probleme d'antivirus sur la telecommande de balisage,1
etat d'alerte - panne electrique sur moteur droit,1
fod sur b92,1
fod sur tango 4.,1
declenchement sslia pour fumee a bord,1
fod sur n41,1
marshaller non present a l'arrivee de l'avion,1
mosquito non detecte a la twr,1
dysfonctionnement des barres d'arret,1
fuite hydraulique sur avion 36r,1
dysfonctionnement sslia,1
ppa injoignable,1
fuite de kerozene en c41,1
fod sur a4,1
fuite hydraulique sur loader d27,1
fuite hydraulique en d27,1
utilisation du telephone pendant l'avitaillement,1
quasi-collision entre 2 vehicules,1
fod sur piste 18l,1
manque de coordination temps reel - coupure electrique,1
dysfonctionnement mosquito ev9,1
encombrement zec par vehicules d'assistance,1
axiale ligne de guidage ta h.s,1
difficulte du pilote a s'orienter - td - c21,1
encombrement cheminement d'urgence essencier + risques incendie d22,1
refus de priorite avion.,1
pax qui fument et telephonent pendant l'avitaillement,1
etat d'alerte - feu de moteur,1
nouvelle denomination mal communiquee,1
convoyage d'un b777,1
choc passerelle c 21,1
non respect des degagements d'urgence pendant l'avitaillement,1
souffle sur batiment,1
confusion des indications du marquage au sol pour le pilote,1
etat d'alerte - fuite de kerosene moteur gauche,1
mauvais marquage au sol,1
etat d'alerte - fuite de kerozene,1
quasi-collision: passerelle non remise,1
fod - piece balayeuse degivrage,1
fumeur au t3,1
etat d'alerte - suspicion de crevaison,1
manque d'anticipation fermeture de piste,1
choc passerelle -avion en c81,1
etat d'alerte - choc avion en vol,1
pbm de coordination sslia - avitailleur,1
mosquito hs,1
balisage lumineux twy,1
fod sur mike,1
modification du poids des bagages,1
qrf vol af 1866,1
choc avion essencier,1
dysfonctionnement telecommande de balisage,1
refus de priorite en b10,1
refus de priorite avion par assistant en a21,1
perte d'une piece avion en vol ou au sol,1
escabeaux retires sans preavis,1
choc avion en d23,1
zec non liberee par personnel maintenance,1
collision help - avion,1
alignement et decollage sur balisage lateral piste 18r,1
formation d'un bloc de glace en vol,1
refus de priorite avion par avitailleur,1
fumee (degivrage) a bord en a23,1
fod sur b10,1
etat d'alerte - probleme moteur atr 42,1
degradation d'enrobe n3,1
probleme balisage axiale piste 36r,1
fuite kerozene b73.,1
visibilite marquage b,1
vidange toilette e15,1
refus de priorite avion par gta,1
fod - bache hangar lyon maintenance,1
avion roule sur la cale au depart,1
fod sur v8,1
fod entree de ta,1
marquage peu visible b12,1
fod devant lyon maintenance,1
deplacement avion cause vent fort,1
gros fod sur le parking kilo,1
balisage lumineux taxiway insuffisant (b6),1
confusion balisage lumineux bdgv,1
etat d'alerte - acceleration arret suite fausse indication de surchauffe,1
essencier stationne sur la voie de circulation vehicule pendant l'avitaillement,1
fod a proximite de ta,1
refus de priorite par vehicule,1
refus de priorite avion en b14,1
information etat de piste insuffisante pour le pilote,1
balisage lumineux defectueux r1.,1
barre d'arret a9 defaillante,1
degagement par v4 en lvp,1
"visibilite marquage en b12, 14, 16 en lvp",1
etat d'alerte - mirage 2000,1
deversement de kerozene d12,1
erreur de parking avion,1
quasi-collision avion - vehicules chantier. refus de priorite,1
coupure energie ana,1
manque de snowtam pendant le plan neige,1
panne de l'ils en 36r,1
crevaison pneus apres decollage sur piste contaminee 36l,1
crevaison pneu apres decollage sur piste contaminee 36l,1
gestion trafic au sol difficile suite panne des degivreuses,1
agriculteur injoignable en lvp,1
defaillance ecran de balisage a la twr,1
mauvais cheminement pax du a une erreur de stationnement avion,1
fod : bouchon de reservoir perdu sur piste 18r,1
mauvaise coordination apres travaux bdgv,1
panneau manquant sur train d'atterrissage,1
confusion b4/v4,1
verin du loader retrouve sur r3,1
collision vehicule - tensaguide en b93,1
perte d'un boulon du train d'atterrissage,1
collision aviaire sur la piste 18r,1
quasi-collision entre 2 avions,1
surchauffe moteur atr45,1
prise de photo av flash pendant avitaillement,1
probleme de balisage sur v8- b8,1
cable balisage coupe,1
fuite hydraulique avion18r,1
etat d'alerte - double panne hydraulique,1
etat d'alerte - probleme de pressurisation et degagement de fumee,1
pax fument pendant l'avitaillement,1
etat d'alerte - volets,1
erreur de sens de repoussage b73,1
erreur indication bdgv,1
pare brise avion fele,1
non respect des consignes de repoussage par assistant,1
balisage vert actif dans zone travaux,1
sppa pas joignable,1
non respect des instructions de repoussage par assistant,1
quasi-collision avion-vehicule en tc. refus de priorite,1
mauvais repoussage,1
erreur de repoussage l13,1
matieres dangereuses en soute,1
materiel mal range b63,1
balisage axial devisse sur 18l/36r,1
revetement 36r,1
fuite de kerozene,1
deversement de kerozene c81,1
fod su v6.,1
etat de veille - train d'atterrissage non rentre,1
erreur de frequence lys/lyn,1
retrait escabeau pendant avitaillement,1
depart non autorise k52.,1
pax fume pendant l'avitaillement j37,1
etat d'alerte - probleme anti-skid,1
probleme intervention balisage (croix de st andre),1
etat d'alerte - panne radio et radar,1
decollage sur piste fermee,1
etat d'alerte - train d'atterrissage bloque,1
confusion panneau b4,1
probleme marquage au sol tl,1
probleme avec ecrans de balisage,1
encombrement degagement d'urgence avitailleur,1
avitaillement sur voie de circulation,1
etat d'alerte - fumee dans soutes bagages,1
refus de priorite avion b738,1
incursion piste par pieton 36l,1
fod entre j15 et j13,1
non respect de procedures de repoussage,1
fod sur parking delta,1
passage du camion avitailleur pendant le fonctionnement mode hotel,1
traversee vehicule non autorisee pendant travaux,1
utilisation portable pendant avitaillement,1
mauvais positionnement avion en golf,1
fod sur voie de circulation vl au t2,1
deformation enrobe sur piste 18r,1
cle retrouvee en c81,1
souffle sur agent au repoussage r1,1
fuite de gasoil sur voie de circulation,1
etat d'alerte - probleme moteur,1
non respect des consignes de repoussage d22,1
panne de la barre d'arret a7,1
forte intensite de la croix de st andre 18l,1
perte morceau de pneu au decollage de lil,1
degradation satujos en b81,1
mauvais positionnement avitailleur a36,1
photos pendant avitaillement,1
utilisation du telephone/appareil photo pendant avitaillement,1
etat d'alerte - probleme instrument de vol,1
debordement de kerosene en k52,1
panne des croix de st andre,1
marquage peu visible c43,1
quasi-collision avec un vehicule sslia en t4. refus de priorite,1
erreur de repoussage c41,1
trappe gpu arrachee,1
mauvais positionnement avion en b91,1
fod - sac de detritus sur e11,1
repoussage non conforme d26,1
repoussage non conforme d21,1
refus de priorite avion sur l'aire alpha,1
quasi-collision entre 2 avions sur t,1
etat d'alerte - depressurisation de la cabine,1
fuite liquide hydraulique d21.,1
obstruction degagement d'urgence avitailleur,1
repoussage sans feux anti-collision a32,1
fod sur j19.,1
fod - pieces du train a340 perdues au roulage,1
collision passerelle - escabeau en c81,1
choc passerelle c81,1
fod en n13,1
pax fume pendant embarquement,1
pax fume pendant l'embarquement,1
etat d'alerte suite probleme technique a l'atterrissage,1
non respect des regles de repoussage a32,1
debordement de kerosene en a32,1
mauvais replacement de la passerelle apres utilisation,1
echauffement du train d'atterrissage,1
mauvais replacement de la passerelle apres utilisation b63,1
pas de perimetre securite pax,1
non respect du sens de repoussage en b12,1
fod en 36l,1
quasi-collision avion - passerelle en c83,1
deversement de kerosene c41,1
prise gpu arrachee,1
collision aviaire en 18l,1
fod sur k54,1
fod sur r4.,1
mauvais positionnement d'un b757,1
quasi-collision entre deux avions aux points de parking a30/a31,1
retour parking suite feu moteur,1
deversement de kerosene (600l environ) en c43,1
fod sur piste 18r,1
sortie de piste a321 18l,1
piece metalique sur a23,1
deversement de liquide hydraulique a7.,1
collision barre de push / avion en b16,1
fod sur parking bravo.,1
probleme d'eclairage sur nouvelle aire de parking delta,1
debarquement non securite en b16,1
quasi-collision entre 2 aeronefs en t3,1
un pax fume au pied de l'avion,1
informations sur piste contaminee imprecises,1
fod a21,1
mauvaise connexion gpu,1
fuite de kerozene m12,1
non respect des procedures de depart (droit iso push back),1
non respect des regles de repoussage en b61,1
materiel genant m12,1
erreur de repoussage en b61,1
repoussage non conforme en c63,1
erreur de repoussage en b62,1
parking condamne sans info twr,1
allumage des feux anti-collision,1
un vehicule roule sur le cable de masse de l'avitailleur,1
materiel genant b61,1
pax fume lors de l'embarquement,1
utilisation du telephone dans le perimetre avitaillement,1
materiel genant b83,1
faible eclairage de la manche a air,1
erreur seuil de piste lors de l'atterrissage,1
collision vehicule bagage / flexible avitailleur,1
defaillance feux a eclat 18l,1
materiel genant b43,1
erreur de repoussage tl,1
erreur de repoussage en c63,1
fod sur aire sslia,1
avitailleur mal positionne,1
non respect des regles de repoussage b63,1
erreur de repoussage c81,1
mauvaise visibilite du parking b92,1
fuite de kerozene j37,1
2 repoussages en simultanee en tj,1
declenchement accidentel du toboggan avion,1
non respect des procedures de repoussage b61,1
casse de la barre de push cause sol glissant,1
erreur d'affectation de parking,1
fod (chantier fox),1
quasi-collision avion-vehicule j15. refus de priorite,1
non respect des consignes de repoussage sur l'aire b,1
avitaillement sur la voie de circulation vehicule b10,1
erreur de repoussage bae 146 en b14,1
panne alarme barre d'arret,1
feux anti-collision pendant avitaillement,1
avitaillement sur voie de circulation vehicule b10,1
fuite de kerozene k52.,1
erreur d'affectation des postes avion,1
erreur immatriculation avion (identique),1
depart avion sans autorisation de l'agent au casque,1
pax qui fume pendant l'avitaillement,1
tapis bagage bloque le cheminement essencier,1
avitaillement sur voie de circulation vehicule c81,1
tapis bagage bloque le cheminement essencier en b14,1
panne balisage a2-a3,1
non respect des consignes de secu lors de l'avitaillement,1
photos avec flashs,1
pax au telephone + appareil photo,1
marquage au sol mal efface,1
les avitailleurs fument dans une zone non autorisee,1
erreur sens de repoussage en c82,1
fod en b10,1
materiel genant c41,1
materiel genant b61.,1
eclatement de pneu a l'atterrissage airlinair,1
fod b18.,1
materiel genant b72.,1
ballon d'helium a27.,1
materiels genants c43.,1
probleme de communication twr - asst/maintenance,1
fod en a26,1
depart droit non autorise e11,1
refus de priorite avion par vehicule en b81,1
fod - sac de gravier,1
fermeture tl sans coordination,1
stationnement interdit des avitailleurs au t3,1
mauvais placement avion en fox,1
collision animale a23,1
fod entre c21 et td,1
repoussage non conforme en c21,1
mauvais placement avion en c82,1
repoussage non conforme en c62,1
laser pointe sur avion en vol a deux reprise,1
fuite kerosene b93.,1
taches hydraulique 36l,1
debordement de kerosene sur f3,1
incursion piste du flyco,1
ingestion fod par reacteur,1
quasi-collision suite erreur de communication,1
mauvais placement e90 en e11,1
mauvais positionnement at7 en k33,1
deplacement palette en soute,1
fod sur a28,1
un tapis bagage a23,1
barres de repoussage c21,1
4 portes container genants c63,1
loader en panne c43,1
collision avion - tapis bagage en b81,1
nombreux cailloux en november,1
quasi-collision entre 2 aeronefs en l13/tl,1
interferences mosquito/radio,1
fuite d'huile hydraulique b91/93,1
mauvais placement de l'avion,1
fuite hydraulique c62,1
fod sur a22.,1
etat du sol defectueux tn2,1
trou dans enrobe,1
incursion de 2 chiens en zr,1
probleme scellement embase de feu de balisage 36l/18r,1
travaux sur a25 sans coordination avec le sna,1
deversement d'huile poste a22 - a23 - a24,1
collision avaire sur la 36l,1
papiers sur le taxiway.,1
graviers sur n34.,1
mauvais pre-positionnement de la passerelle c62,1
materiel genant c62,1
plastique sur c21,1
"gravas laisses dans l'herbe, proche de t5",1
morceaux d'enrobe sur taxiways.,1
indisponibilite de la balayeuse suite travaux,1
collision aviaire avec dommage,1
panne barre d'arret b3,1
panne de mosquito,1
materiel genant en b61,1
choc barre de push avion a23,1
non respect du sens de repoussage b81,1
incursion chien radar trac 2000,1
faussage des donnees des balances d'enregistrement bagages t1 et t3,1
refus de priorite par vehicule en c81/tl,1
graviers sur b14,1
debordement de kerozene c61,1
declenchement intempestive de l'alarme de bord sur crjx en a21,1
probleme technique sur atr en vol lys-puf,1
fod : antenne avion retrouvee sur a7,1
containers deplaces par le vent,1
divers fod sur aire de trafic,1
chute d'un mecano de son escabeau,1
refus de priorite de 2 camions,1
collision avion - vehicule bagage,1
1 chariot bagage sur la voie de circulation novembre,1
materiel genant sur les parking,1
un pare souffle empietant sur la voie de circulation,1
fuite hydraulique de l'ezy en l13,1
fod sur ligne de guidage c43,1
depart en autonome (droit iso a droite) en e11,1
collision aviaire sur la 18l,1
collision b777 - passerelle en c83,1
refus de priorite au roulage,1
capot de papi 36r,1
refus de priorite en td/r2,1
escabeau souffle.,1
container souffle par vent.,1
incident repoussage c82,1
quasi-collision entre 2 aeronefs (tj),1
refus de priorite avion (c43),1
fod sur b12,1
bennes ouverte au satellite t3,1
quasi-collision aviaire,1
eclatement pneu a l'atterrissage + fod,1
bagagiste blesse au pied.,1
escalier passerelle c81,1
refus de priorite avion a33,1
fuite carburant lors du repoussage,1
deplacement intempestif de l'avion en a21,1
sacs poubelle sous avion,1
repoussage non conforme c81,1
repoussage non conforme d37,1
fod sur a3 et a4,1
vl genant sur voie essencier,1
materiel genant c61,1
sacs plastique sur a6 et a7,1
materiels genants b61.,1
materiel genant c82,1
fod sur w4,1
vehicule en panne a24,1
utilisation w4 en lvp,1
vidange toilette l13 j35,1
repoussage non conforme a23,1
fuite gas-oil,1
loader en panne sur poste b83,1
non respect des regles de repoussage l11,1
non respect des regles de repoussage c83,1
graviers sur piste 36r,1
fuite kerozene sur reacteur.,1
escabeau genant l13,1
fuite hydraulique sur push j19,1
repoussage sans feux anti- collision,1
erreur de placement en f9,1
erreur de placement en f3,1
vidande toilette sur postes avions.,1
camion gene le push. refus de priorite,1
materiel genant a24,1
antenne d'avion w4,1
collision animal 36l,1
materiels genants c63,1
charniere porte avion defectueuse,1
collision animal 18l,1
vehicule sur aire de manoeuvre en lvp.,1
procedure push lvp non respectee a29,1
camion passe derriere le repoussage c81,1
procedure push lvp non respectee a21,1
materiel genant c21.,1
incursion piste tunis air 36r,1
une poussette bagage sur la voie de circulation,1
un tapis bagages mal positionne en c41,1
materiel avp mal positionne en e11 (hors zone),1
fod sur ligne de roulage de la jetee,1
fuite d'huile j17,1
barre de repoussage sur place vl,1
manoeuvre cable branche.,1
at7 non autorise.,1
vehicule coupe la route a27. refus de priorite,1
fod en j33,1
feux hs sur r3.,1
deversement de kerozene c63,1
tache de gasoil j37.,1
materiels genants c43,1
3 balises laterales hs,1
materiel genant d45,1
non respect push lvp sur jetee.,1
probleme de balisage tb en lvp,1
probleme de securite au sol,1
probleme de repoussage b61,1
vehicule coupe la route c41. refus de priorite,1
graviers en c21,1
un bagage sur voie de circulation avion tl,1
materiel avp mal range,1
materiel af mal positionne,1
crj 1000 mal positionne en e11,1
container sur taxiway,1
repoussage arrete brutalement,1
incursion passagers sur taxiway.,1
materiel genant b12,1
collision aeronef/avitailleur en a30,1
fuite kerozene a23,1
mauvais sens de repoussage c61,1
clou dans pneu avion,1
joint enleve sur tb,1
cone sur a31.,1
erreur attribution parking.,1
repoussage non conforme en lvp.,1
non respect des regles de repoussage en lvp,1
vehicules a proximite de l'avion. refus de priorite,1
defaut barre d'arret a7,1
fumee sur lampe de balisage,1
prise 400htz hs,1
flechage sslia en panne.,1
trou en formation n3,1
refus de priorite ta,1
materiel genant c43.,1
fuite hydraulique roulette de nez a318,1
fuite de kerozene b91,1
camion coupe la route. refus de priorite,1
sortie aire de trafic a22.,1
trous en formation taxiway tn3,1
trou enrobe e17.,1
fod en d37.,1
fod sur n34,1
bus coupe la route a un avion.,1
bus gene l'entree de ta. refus de priorite,1
non respect de la priorite avion lors du repoussage,1
mauvais positionnement du b772 en c82,1
balisage lateral hs,1
repoussage sans autorisation de c61 a l11,1
fod c63,1
fuite d'huile sur loader.,1
graviers entre e11 et tj,1
effet de souffle dangereux,1
flaque d'huile n21,1
avion mal positionne c42,1
materiels genants c23,1
un agent blesse au dos,1
fod dans pneu avion.,1
fuite hydraulique sur loader b92,1
deversement kerosene sur a31,1
non respect des regles de conduite b71.,1
repoussage trop long sur le twy,1
repoussage non conforme c61.,1
fuite hydraulique b92.,1
push sous paserelle c23,1
probleme train d'atterrissage.,1
materiels genants c81,1
fod en f7,1
souffle essai moteur,1
fod en c23,1
absence panneau d'indication a3.,1
quasi-collision - vehicule coupe la route ta,1
incursion twy par vehicule paf,1
degagement de fumee sur train principal en b71,1
debordement de kerozene e17,1
trappe casque non fermee,1
marquage au sol pas assez visible,1
materiels genants c21,1
materiels genants c63.,1
escabeau gene l'avitaillement,1
poussettes genent l'avitailleur.,1
materiels genants c41,1
avion mal positionne a22,1
fod sur romeo 1,1
tracteur gene repoussage avion,1
fuite d'huile sur loader,1
repoussage non conforme a22,1
choc tracma mur.,1
accident du travail h-reinier,1
materiel genant cie avia,1
vehicules genent circulation taxiways.,1
accident personnel dans la passerelle c63,1
qrf suite probleme de pressurisation,1
qrf suite feu moteur en 36r,1
refus de priorite avion en c61,1
collision aviaire sur la 36r,1
mauvais positionnement passerelle sur b772,1
souffle reacteur sur agent lors du depart en e15,1
incursion piste 18l par vehicule sppa,1
accident du travail en c81,1
enrobe deforme en a26,1
portes palettes genants c63,1
palettes en bois sur c21,1
trou sur enrobe c63.,1
vehicules dans perimetre incendie pendant l'avitaillement.,1
fod sur d45,1
debut de feu dans une voiture,1
fod sur tb - freins avion,1
vehicule coupe la route d11- travaux t3,1
fod sur 36l - debris de pneus avions,1
materiel genant b18,1
choc poussette passerelle b73.,1
2 feux lateraux hs,1
fod en c63,1
choc passerelle tracteur,1
souffle de reacteur b18,1
charlatte coupe la route c21,1
fuite de gas-oil a24,1
materiel genant d45.,1
fod sur aire delta,1
chariot bagages sur ligne de guidage,1
debris de verre b4,1
declenchement toboggan b83,1
fuite hydraulique c43.,1
container tombe du loader c82.,1
coliision aviaire 36l,1
cobus coupe la route d45.,1
vehicule coupe la routetl.,1
probleme repoussage satujo.,1
fuite hydraulique j17,1
vehicule coupe la route c41,1
fod sur pneu,1
repoussage non conforme c63,1
souffle reacteur b18,1
ecrou de roue sur t6,1
fumee sur prise 400 hz b81,1
debris de beton k31,1
flaque d'huile sur a31,1
tache d'huile e13,1
tache d'huile c43,1
fuite huile en b81,1
non respect des procedures de repoussage.,1
incursion piste flyco 36l,1
camion gene l'arrivee de l'avion,1
materiel genant d43,1
chos camion galys et tapis bagage.,1
fod en k31,1
fod cailloux sur tl,1
tracma gene le repoussage,1
chute passagere en l11 suite defaut eclairage,1
bus ne respecte pas la priorite aux vehicules de secours,1
trou dans satujo c21.,1
choc gpu - avitailleur,1
fod au niveau de l'aire delta,1
gravillons entre a7 et mike,1
materiel genant m11,1
a388 en a7,1
2 rdg suite probleme 18l,1
fod- cailloux sur ts,1
dysfonctionnement groupe electrogene,1
collision animale36l,1
fod bouchon sur t5,1
fod gravier sur a7,1
non respect des regles de repoussage,1
fod sur ligne de guidage c62.,1
refus de priorite avion par un bus,1
coupure alimentation twr,1
fod en n41.,1
materiel genant en d11,1
graviers sur november,1
quasi-collision b777 3 avec la passerelle c43,1
fod : piece metallique sur 18r,1
fod sur parking mike,1
tache d'huile sur 36l,1
fod sur parking kilo,1
tache de liquide j17,1
materiel genant e13,1
refus de priorite avion par un camion adl,1
aeronef mal positionne,1
fod sur aire de trafic (piece avion),1
incursion piste 36l par vl,1
pneu eclate atterrissage 36r,1
materiels mal positionnes,1
collision animale sur piste 18r,1
quasi-collision b744 avec a321 en d43,1
accrochage passerelle c61,1
recherche debris pneu,1
micro pannes sur taxiway a7,1
refus de priorite par camion,1
personnels fument sur l'aire de trafic,1
autorisation remontee piste/avion autorise atterrissage,1
balise cassee b3,1
confusion repoussage c61,1
refus de priorite par camion catering,1
incident glissiere de securite,1
fod sur b7,1
cloture du chantier t3 soufflee,1
refus de priorite par vl paf,1
personne blessee par avion b71,1
poussette dans vitre a28,1
casque retrouve sur piste 36l,1
gravillons sur tj,1
palettes bois sur parking avion,1
fod en charlie.,1
porte palettes genants en c43,1
1 chariot bagage au milieu du parking avion,1
materiel sur voie de circulation echo,1
feux balisage 18l hs,1
vehicules sans feux en lvp,1
un gpu au milieu du parking g,1
2 escabeaux sur voie de circulation en echo,1
vehicule a proximite de l'avion,1
fod d42,1
refus de priorite par vl sslia,1
signalement oiseau par pilote sur 18l,1
materiel genant d42.,1
3 feux axiaux taxiway hs,1
3 balises axiales 36r hs,1
avion recul en poste,1
mareriel genant e13,1
repoussage en lvp sur ligne bleue,1
vidange toilette en m11,1
mats d'eclairage hs,1
etat d'alerte 36l,1
f.o.d sur m11,1
materiel sous passerelle c63,1
fuite d'huile a330 en a4,1
fod (tournevis) sur j17,1
materiel sur zep en c21,1
fod a30,1
panne barre d'arret a7,1
incursion pieton taxiway,1
fod au niveau de l13,1
plainte roulage / repoussage,1
materiel mal positionne sur tl,1
materiel de chantier trop pres de tl.,1
tractage non conforme.,1
1 balise lateral hs,1
2 feux laterales hs,1
plainte corsair travaux tl,1
balise n°7 hs piste 18l,1
balises casses sur la piste 18r,1
stationnement genant airliner,1
pax fait une chute,1
fod d24,1
aeronef roule sur du balisage lumineux sur t6 ferme,1
balisage laterale insuffisant,1
debordement kerozene d42.,1
repoussages non conrformes,1
vehicule injoignable en contact radio.,1
incursion piste 36l par ev14,1
etat d'alerte sur le setif fuite hydraulique,1
tractage sans contact radio,1
flyco sans contact radio,1
accident bagagiste.,1
qrp vol ezy 4353,1
collision annimal un lievre,1
incident repoussage b61,1
barrieres chantier soufflees.,1
pieton sur aire alpha,1
procedure de repoussage lvp,1
collision tracma et vl,1
accident de circulation d22,1
incident un camion servair coupe la route a un avion sur td,1
incursion piste 18r,1
collision aviaire36r,1
collision animale 36l.,1
rechercjhe d'oiseaux 36r,1
toboggan declenche.,1
probleme balisage b3,1
collision aviaire faucon crecerelle,1
fuite hydraulique f7,1
fuite hydraulique a36,1
collision aviaire sur piste 18l,1
collision aviaire sur la piste 36r,1
probleme a l'atterrissage 36l,1
fuite hydrlique a l'atterrissage a320 af,1
boittier electrique au sol 36l,1
deverssement kerozene b91,1
repousseur ne suit pas l'instruction atc,1
porte embarquement en a21 est reste ouverte,1
deverssement de kerozene a21,1
choc avion (corsair) / loader avp,1
materiels genant en c62,1
telephone et cigarette pendant l'avitaillement,1
fuite carburant c61,1
recherche d'oiseau.,1
camion coupe la route.,1
flechage et 121.90 non secourus au sslia,1
telelphone pendant l'avitaillement,1
debordement kerozene b93,1
fod 36 l,1
recherche d'oiseau 18r,1
telephone pendant l'avitaillement.,1
recherche fod 18r,1
poussieres/ chantiers,1
gravillons c23,1
qrp vol stz621fue,1
2 balises axiales hs.,1
essencier gene l'arrivee au poste,1
recherche d'oiseaux 36l,1
collision aviaire sur 36l et 36r,1
collision sur 36r,1
collision sur 36l,1
souffle reacteur cr9 iberia,1
antenne retrouvee sur 18r,1
trappe metallique retrouvee sur 18l,1
debordement kerozene c63,1
incomprehension cdt/ espace vert,1
fuite hydraulique b91,1
panne roulette de nez.,1
graviers sur a31,1
pax au t'elephone pendant l'avitaillement,1
repoussage de c23 face au nord.,1
repoussage non conforme b14,1
2 balises laterales hs,1
petrolier mal positionne.,1
fod sur d33,1
vehicule mal positionne b93,1
panne radar d'approche.,1
panne mat d'eclairage,1
fuite kerozene c21,1
prise 400htz arrachee c81.,1
fuite carburant gpu.,1
prise 400ht arrachee c81,1
fuite kerozene c63,1
fuite hydraulique.,1
oiseau sur a27,1
materiels sur la zep,1
materiel gene l'avitailleur,1
fuite d'huile en f2,1
camion gene le repoussage,1
fuite lookeed sur camion,1
repoussage non autorise.,1
fuite huile aire kilo,1
pneu eclate a l'atterrissage,1
deversement kerosene b73,1
fuite hydraulique loader.,1
etat d'alerte sur crj100,1
inspection suite atterrissage fort.,1
materiel gene la passerelle en b83,1
zone chantier gene ops avion en d35,1
encombrement parking c61 gene l'avitailleur,1
qrp sur le vol af5756 rns,1
qrp sur vol bzh5729,1
qrf vol pgv727p,1
pvc sur a5,1
fuite hydraulique en j17,1
fod en b63,1
deversement kerozene f3,1
fod aire de mouvement,1
bouchon reservoir f-100,1
collision tracteur piste,1
balisage piste 36l hs,1
panne mats d'ecairage jetee,1
mat d'eclairage hs,1
presence d'oiseaux 36let36r,1
collier metalique sur f4,1
graviers sur parking ecco,1
telephone portable pendant l'avitaillement,1
presence d'oiseaux sur 18r,1
satujo degrade en d31,1
fuite kerozene k71,1
trou en d35,1
debris de verre en 18r,1
gravier en b3,1
non respect des regles de repoussage a21,1
balise cassee 36 r,1
fuite hydraulique sur appareil,1
non respect des regles de repoussage.,1
cable 400htz endommage,1
degivrage incomplet sur a319,1
repoussages ligne orange,1
avitailleur coupe la route au repoussage b61,1
sac de lest perce e11,1
balise laterale cassee b3,1
morceau de resine a4,1
non respect des regles de securite a30 a/31,1
fuite hydraulique sur loader.,1
prise 400htz arrachee c21,1
fod sur roulage a28,1
herbe sur tf,1
trou en formation d35,1
herbe et motte de terre,1
prise 400htz arrachee c83,1
presence d'oiseaux 18l,1
debordement kerozene b12 et c83,1
balises retrouvees sur accotements,1
debris de verre sur e21,1
fod sur k73,1
fuite pendant l'avitaillement,1
balises cassees sur 18l,1
balises cassees sur 18r,1
balisage lateral lumineux non visible 36r,1
inspection piste suite probleme technique.,1
choc push-back contre avion,1
prise et trapon 400htz a31,1
bus coupe la route a un avion,1
balise laterale cassee 36l,1
etat d'alerte vol bzh5834,1
accrochage escabeau avp/ezy,1
accrochage vehicule avion,1
lampe n°5 cassee sur 18r,1
quasi-collision aviaire 18l,1
vehicule coupe la route a un avion sur td,1
fod trappe en c21,1
fuite kerozene b71,1
fuite kerosene b81,1
quasi-collision avec vl,1
trou sur poste de stationnement k91,1
avion mal positionne a21,1
transal mal positionne bloque k9,1
alerte pare brise casse sur avion,1
choc plot de balisage contre avion.,1
fod sur parking avions,1
graviers sur tf,1
choc vehicule / installation passerelle,1
lievre en 18l,1
fod en a21,1
cammionnette coupe la route a l'avion,1
flaque d'huile d33,1
2 lampes axiale hs,1
camion coupe la route a un avion,1
disfonctionnement du systheme d' alerte,1
disfonctionnement du balisage sur chantier b93,1
souffle reacteurs galys,1
cone sur tc,1
container en j11,1
bus passe sous aile pendant repoussage,1
collision animale au niveau de b4,1
antenne sur point arret4 piste 36l,1
fod cale sur taxiway principal,1
collision animal t3,1
feu casse sur avion,1
deverssement de kerozene en b16,1
collision aviaire piste 36 l,1
"passage d,un vehicule entre l'avion et les passages",1
vehicule genant avitaiilleur,1
visite apres decollage easy jet,1
recherche lapin,1
graviers en ecco,1
1 agt au telephone pendant l'avitaillement,1
lampe declipsee,1
non respect des regles de securite.,1
debordement avitaillement c43,1
fod en j53,1
choc escabeau - installation,1
trop forte luminosite balisage,1
fuite anti-gel f3,1
collision animal 36r,1
delai inspection piste,1
materiel gene l'avitailleur en c21,1
dysfonctionnement eclairage t2,1
trou en formation,1
balise laterale hs,1
non respect de procedure e15,1
collision annjmal,1
non respect des regles de securite,1
fuite gas-oil d33,1
materiel genant l'avitaillement,1
boitier electrique 36l,1
recherche piece avion sur 36r,1
verification porte avion,1
collision animal 36l et 36r,1
degradation beton d21,1
herbe sur a3,1
perte de bagages en b93,1
incursion du twy par ev,1
gravillons sur t1 et t2,1
materiels genants en b73,1
fuite gas-oil f7,1
gravillons en c81 et c83,1
fod a32,1
etat d'alerte,1
fod en b72 et k54,1
fuite hydraulique 36l,1
sortie de piste ah,1
collision oiseau 36l,1
fuite d'huile sur le parking c43,1
fod un boulon c43,1
eclatement pneu b737 ram,1
collision animale : un herisson,1
panne balisage sur eglise grenay,1
incursion piste flyco1,1
collision aviaire sur a5,1
quasi-collision vl / aeronef,1
fuite hydraulique d21,1
agent lutte aviaire distraie ezy,1
quasi-collision avec bus interhone en c81,1
quasi-collision avec vl skynet,1
materiel avp gene depart af,1
materiel avp gene avitailleur,1
ballise sur ligne de guidage hs,1
collision escabeau vs installation en b61,1
lampe balisage cassee 18r,1
tache d'huile j17,1
materiel genant en e21,1
collision aviaire t3,1
accident mat b71 et tapis bagages,1
fod sur parking f et j,1
fod sur bus souffle reacteurs,1
accrochage de la passerelle c61,1
fod sur t6.,1
materiel genant en c41,1
remise de gaz rae 5421,1
degat prise 400ht,1
trou sur la 36l niveau a6,1
souffle reacteur pif 28e,1
deversement de kerosene en k73,1
incursion du loc 36r,1
collision aviaire 36 l,1
fod en tf,1
materiel genant les essenciers,1
bus interhone non respect des regles de securite.,1
passagers dans la zec,1
fod sur la tj,1
fod en b81,1
camion genant l'avion sur a30,1
camion pmr samsic non respect des regles de securite.,1
materiels genant l'avitailleur,1
fuite de carburant sur un tracma,1
collision avitailleur aeronef en a28,1
fod : graviers sur aire delta,1
materiel genant dans le zec,1
tache d'huile sur e15,1
qrp suite surchauffe des freins,1
tache d'huile en a21,1
accrochage tapis avp par avitailleur,1
placeur sans signalement lumineux,1
bus coupe la route d'un avion,1
vehicules genant l'avitailleur,1
materiel genant sur parking a,1
alerte a la bombe sur vol lh en e11,1
fuite hydraulique a319 en a4,1
probleme de pression pneu,1
choc escabeau / installation t3,1
ecrou sur piste,1
cones skylogistic,1
chariots map gene petrolier,1
materiels sur zone evolution,1
materiels genant la circulation,1
gene avitailleur par map,1
materiel avp gene l'avitailleur en c63,1
pb repoussage atr en a33,1
accrochage trappe 400htz avec vl,1
fodsur a32et a33,1
cloture d'enceinte hs,1
defaillance balisage sur tf,1
1 pax au telephone dans zec,1
vehicules genent l'avion en b16,1
probleme d'accostage passerelle,1
accident du travail,1
2 pax au telephone dans zec,1
debordement kerosene sur f100 en a23,1
probleme avitailleur,1
fumee dans cockpit,1
fod en d31,1
materiel avp gene l'avitaillement en c41,1
materiel avp genant en c21,1
pneu creve a l'atterrissage d'un lh,1
fod sur td sur voie de circulation,1
incursion aire de trafic de 2 personnes a pied,1
defaut moteur sur swr533,1
empreintes (poinconnement) sur d35,1
pilote qui telephone dans le perimetre incendie,1
tracteur de piste sous l'event de l'avion,1
collision vl/installation,1
marque de roulette de nez absente en b81,1
collision aviaire sur 36l : moteur endommage,1
balisage axial hs sur 18l,1
camion avitailleur gene l'avion,1
deversement kerozene sur parking,1
accrochage du 400 hz en b83,1
depart d'un f100 en e21 en autonome non reglementaire,1
materiels piste genant,1
tache d'huile seuil 36l,1
materiels piste fh et avp genant,1
conduite dangereuse derriere lh4177,1
materiels piste hr et avp genants,1
fuite gazoil en c63,1
camion servair trop pres d'un avion,1
collision vl / installation (cloture),1
materiels pistes mal positionnes,1
avion parke sur twy k5,1
materiel piste avp genant,1
materiel piste eas genant,1
etat d'alerte suite surchauffe,1
fuite kerosene en j17,1
avion en panne sur le twy,1
qrp vol lh,1
materiel mal positionne en c43,1
fuite kerosene en a21,1
pb d'interference en a36,1
materiel gene l'entree dans le parking b18,1
recherche animale sur 36r,1
1 agent avp sans gilet en delta,1
accrochage du carrousel 4 tbs 25,1
materiel avp gene un avion en c61,1
recherche animal sur 36r,1
trappe gpu ouverte sur crj,1
chute personnel af sur plaque de verglas,1
avion glisse sur le parking,1
fuite carburant sur parking,1
tracma : refus de priorite avion,1
collision aviaire sur18l,1
incursion vl sur twy,1
blessure agent af sur b63,1
helico mal positionne bloque tj,1
camion essencier coupe la route de l'aeronef,1
quasi-collision ezy avec faucon,1
utilisation du portable dans zone de securite,1
qrp suite fumee a bord,1
collision tracma/personne,1
parking encombre,1
incursion piste,1
personnel sans gilet hv,1
incursion piste sur 18r,1
rdg suite pb volets,1
5 agents sur aire de trafic sans gilet hv,1
avion mal positionne sur parking g,1
qrp suite bruit dans la soute,1
une by-pass pin retrouvee en c83,1
collision animal sur t4,1
accrochage 2 bus,1
accrochage portail 17,1
piece d'avion sur 36r,1
f100 en j51 gene l'entree k9,1
container sur voie f9,1
qrf et attente sur taxiway a6,1
container en d21,1
fuite kerosene f100 en a23,1
remise de gaz vol 5907,1
qrf vol 5776,1
qrp af 7846,1
avitailleur glissant sur parking avion,1
materiel mal range sur parking,1
cigarette allumee pendant traitement du vol,1
collision 2 vl adl,1
vl coupe la route de l'avion,1
positionnement materiel au sol,1
barre d'arret hs en a7,1
"tracma genant l,avitaillement",1
qrp vol lbt3942,1
positionnement des tracmas sur parking avions,1
accident personnel avp,1
paxs fumant au pied de l'avion,1
personnes a pied gene l'avion,1
qrp vol ei 553,1
qrp du baw361 / lhr,1
drs vol ber384e suite pare-brise casse,1
collision entre 2 bus porte 22,1
qrp vol jfu 2527/cmn,1
collision avion/equipement sur delta,1
tracma gene l'avitailleur et paxs telephonant au pied des escabeaux,1
pb marquage ligne de guidage td-b93,1
panneau hs sur a7,1
degivrage avant l'avitaillement,1
degivrage effectue avant l'avitaillement,1
qrf vol af 3480,1
collision engin/installation en b61,1
4 balises axiales hs sur 36r,1
etat de veille vol biq,1
une balise axiale hs sur 36r,1
respect de procedures de repoussage jetee,1
qrf vol rns,1
une balise laterale cassee sur 36r,1
qrf du afr 5400,1
chute d'un passager sur ezy,1
qrp vol af7834,1
pb balisage,1
qrp vol ezy,1
boitier electrique arrache au seuil 18r,1
fod sur aire charlie et d31,1
qrp vol 5444 lrt,1
qrp vol 5803 mpl,1
remise de gaz af 5415,1
depart en autonome en d21,1
chute pax en d37,1
mauvais positionnement en b73,1
fuite de kerozene en e13,1
debris de phare en c23,1
qrp vol zi751,1
qrp vol bie6646,1
qrp vol afr5400,1
qrp vol bzh 5788,1
deversement kerozene en k91,1
qrp vol af 5739,1
fuite kerozene en c61,1
qrf vol af3482,1
qrp vol af5834,1
fod sur d25,1
qrp vol dah1037,1
qrp vol alg en c81,1
probleme de balisage,1
qrp vol af3476,1
qrp vol zi 750,1
materiel avp et eas gene l'avion en c41,1
deversement kerozene en a22,1
fod sur k93,1
chute pax en b73,1
fod sur ta et tb,1
qrf vol bzh5880,1
fuite d'huile a l'atterrissage,1
fuite de kerozene sur taxiway,1
materiel genant avitaillement,1
qrf vol af7824,1
qrp vol bie 1844,1
accident entre 2 vl,1
pb avec panneau td,1
collision oiseau sur 18l,1
nombreux cailloux sur b3,1
collision avion/installation en a27,1
deversement kero en a22,1
qrp vol tu431,1
fod sur t2,1
fod sur a30,1
accrochage protection beton en arrivee 17,1
chute pax en c81,1
bouteille d'azote en b93,1
accrochage entre deux bus interhone,1
vehicule sur aire d'evolution passerelle,1
6 portes conteneurs en c63 etc81,1
collision vehicule/installation en b93,1
recherche lievre sur 36l,1
urgence sur le vol bod,1
balise tordue sur w4,1
2 camions genent l'avion en b18,1
qrp vol tk1806,1
chute agent securitas au t3,1
collision tracteur/aeronef en e13,1
probleme balisage axial piste 36l,1
balise laterale cassee sur 18r,1
balisage defaillant sur a3,1
tache huile en e11,1
qrp vol v7 931,1
qrp vol tap499,1
fod en j11,1
fod + collision aviaire sur 18l,1
recherche animale sur 36l,1
fod en d45,1
depart crj en a28 en autonome,1
qrp vol fpo1819,1
qrp vol afr7844,1
vidange toilette en e11,1
qrp du vol ezy4562/sxf en d37,1
parkings c61/63 sales,1
camionette gene l'avion sur voie de circulation,1
herbe sur b4,1
deroutement : malade a bord,1
feu de balisage axial casse,1
qrp vol af7842,1
qrp vol rae 5584,1
qrp vol rae3296,1
mauvais stationnement f100 af,1
debris de verre en c63,1
morceaux oiseau sur 36r,1
fuite de kerozene sous f100 af,1
drs cause technique,1
pilote telephonant durant le plein,1
collision animale sur tj,1
materiel avp gene l'avion af,1
fod a l'est de b6,1
fod sut tc,1
fod sur gp 36r,1
2 avions stationnes ont bouge de 45°,1
pare brise casse sur f100 regional,1
4 containers sur aire critique,1
fod sur aire kilo et fox,1
2 escabeaux au sol airlinair sur e11,1
bagages sur voie de circulation,1
fuite kerosene sur f-grjg,1
3 pax ezy fument au pied de l'avion,1
un camion catering coupe la route d'un avion,1
pilote au telephone durant l'avitaillement,1
qrf suite pb technique,1
fuite de kerosene en c81,1
qrp suite suite carburant,1
qrf vol britair,1
herbes sur t3,1
qrf air algerie suite pb technique,1
materiel avp devant les panneaux de piste,1
mauvais placement passerelle en b93,1
collision escabeau/aeronef en d35,1
probleme roulette de nez sur zi 750,1
avion prive mal place en k11,1
fuite hydraulique sur a310 ah,1
collision engin/avion vol ba,1
malade a bord du vol ram722,1
decouverte oiseau sur 36l,1
decouverte oiseau sur 36r,1
retour au parking du vol bzh5725,1
fuite liquide hydraulique - b767,1
materiel sur zone evolution passerelle c63,1
materiel eas sur voie de circulation kilo,1
mauvais stationnement en j51,1
tracma eas gene la circulation,1
qrp af5346 suite probleme tech,1
qrp af5344 probleme tech,1
qrp af7645 suite trappe ouverte,1
qrp af5344 suite probleme tech,1
collision bus ir/installation,1
materiel avp et eas gene l'avitaillement en c42,1
materiel avp genant en c43,1
une balise hs sur 36r/18l,1
probleme distance de securite entre b752w en b93 et a319 en b91,1
collision oiseau/avion sur la 18l,1
balisage 36l defaillant,1
un journal ramasse sur tc,1
une lampe de poche retrouvee sur 36l,1
collision animal/avion sur 36l,1
timon de chariot bagage retrouve au milieu de l'aire delta,1
accrochage escabeau avp / installations,1
essencier proche des voies de circulation,1
deversement kerosene sur a23,1
probleme stationnement b767 ah en b82,1
graviers sur c23,1
graviers sur c41/43,1
recherche d'un lievre sur la 18r et recherche d'un oiseau sur la 18l,1
support boitier electrique casse au seuil 36r,1
arrachement morceau d'enrobe sur 36l,1
materiel eas gene un avion af,1
camion servair coupe la route d'un avion af,1
materiel avp gene l'ah a l'arrivee,1
qrp suite probleme cabine,1
vidange tinette sur parking c23,1
collision animal/avion sur piste 36l,1
debris de verre sur voie de circulation,1
toutes les barres d'arret hs,1
qrf vol af suite foudroiement apres decollage,1
tache d'huile en a27,1
materiel avp gene avion af en b73,1
collision avion/materiel piste,1
graviers sur voie de circulation,1
vidange tinettes en c63,1
collision animal/avion sur 36r,1
"graviers sur voie de circulation c, f, d",1
incursion piste par ev1,1
qrf vol af suite pb hydraulique,1
taches d'huile hydraulique sur d23,1
boitier electrique casse sur 18r,1
qrp ezy suite pb technique,1
qrf cause pb technique vol bzh 757,1
b763 air transat mal positionne en c83,1
sac plastique sur tc,1
balise laterale cassee sur b7,1
etat d'alerte sur vol airlinair suite a une perte de roue,1
deversement kerosene en a24,1
fuite de kerosene en d42,1
acciendent vl/vl,1
materiel avp gene les esenciers en b81,1
accident push sky/installation,1
qrf sur un vol britair,1
debris de verre sur c81,1
atterrissage urgence : probleme de volets,1
fuite hydraulique sur ezy,1
pieces metalliques ramassees sur aire de trafic,1
etat d'alerte sur vol puf,1
collision engin/vl,1
fod sur ligne de guidage a31,1
accident tracma/installation,1
etat alerte sur vol af 5896,1
atterrissage urgence suite pb hydraulique,1
quasi-collision vl/bus,1
collision animal sur la 18r,1
parking golf tres sale,1
freins bloques a l'atterrissage,1
probleme a l'atterrissage,1
defaillance balisage chantier sur t2,1
qrf vol corsair,1
qrf vol af,1
tache d'huile en d37,1
accident vehicule/installation c43,1
parking charlie tres sale,1
deversement vidange toilettes sur e15,1
grosse quantite de boue sur j19,1
toutes les barres d'arret allumees,1
deversement vidange toilette,1
deversement kerosene en a23,1
12 palettes au milieu de c41,1
etat d'alerte sur vol af,1
herbe sur t1/2/3,1
herbes sur a5 et 18r,1
qrf suite probleme technique,1
grosse tache d'huile en k15,1
nombreux graviers sur b3,1
retour parking ah suite pb bags,1
accrochage vl/installation au pif 17,1
graviers sur t7 et a7,1
gpu eas sur voie de circulation,1
graviers en k71,1
etat de veille arrivee bie7459,1
tige metallique retrouve en tf,1
nombreux graviers sur tf,1
"pas d'eclairage sur k, d et t1",1
etat d'alerte sur vol britair,1
qrp vol af7867 suite pb steering,1
qrf urgence medicale sur dah1004,1
vl gene depart de l'avion,1
materiel piste gene accostage avion en c43,1
qrf vol dah1130 suite pb de volets,1
qrp vol af5414,1
nombreux graviers en 27.3,1
accrochage du portail 17 par un tracma,1
barrieres de chantier renversees en b63,1
urgence medicale sur ba 2606,1
materiel avp gene la passerelle c23,1
materiel sous la passerrelle c63,1
materiel sur zebra en c63,1
etat alerte sur bie7411,1
materiel gene l'avion,1
fuite de gasoil d'un gpu en b16,1
probleme avitaillement sur d33,1
collision animal sur 36l,1
materiel gene la passerelle c23,1
777 air austral mal parke il depasse sur la voie de circulation,1
gravier sur parking c21 et debris en d35,1
deversement de kerozene en a22,1
nombreux graviers sur parking delta,1
gravier sur parking apparaux avia devant le trafic,1
qrf vol ah1037 dest. alg cause probleme de porte.,1
recherche d'un oiseau suite collision avec un avion18l et 18r,1
aviapartner casse sa barre de repoussage lors du push de l'easyjet en d37.,1
vehicule coupe la route de dah1036 au parking,1
deversement fuite hydraulique engin avp en b 93,1
le ra426xx refuse de repousser en parallele et gene un autre push.,1
fuite gas-oil cuve mobile tcr,1
refus de prioirite d'un bus lors d'un guidage d'avion,1
graviers sur b3,1
agent d'escale non joignable pour une inspection de piste. (fne sna 273),1
4 militaires fumaient autour du vol jfu2525/cmn,1
boitier electrique arrache sur a7,1
mauvais positionnement de l'a330 en c62,1
fumee dans le cobus positionne en 17 a les passagers ont actionne l'arret d'urgence,1
etat d'alerte vol exs4258,1
avions trop proches lors de repoussages en parallele.,1
fuite hydraulique sur push avp,1
nombreux cailloux ramasse vers terminal 2,1
grillage des travaux en b63 renverse,1
recherche de lapin sur la 18 r entre a3 et a6,1
1 cone et un carton ramasses sur le taxiway principal entre t5 et t6,1
un container en tj signale par cdb,1
recherche lievre 18r a7/a2 suite collision,1
debris de verre en c21 et b16,1
morceaux de rapace retrouve sur la 36l entre a6 et a7,1
chute passagere dans passerelle.,1
faucon crecerelle retrouve sur la 36l entre a3 et a4,1
sac poubelle recouvrant le wig wag en b4,1
une plaque metal 50x50 sur la ligne de guidage d34,1
debris de verre en e 11,1
dix cones ramasses en delta et kilo,1
collision voiture sky avec tracteur h reinier,1
deversement de kerosene en a21,1
plaque deverglas e11/13/15/17 et c41,1
1 piece metallique retrouvee sur tb.,1
parking k51 a k55 tres sales.,1
2 cones et 4 cales retrouves en plein milieu des parkings en kilo.,1
1 escabeau avp genant en b81,1
qrp vol qsf aaf703,1
repoussage regional fgube sans autorisation de la twr,1
1 tapis avia empietant sur voie de circulation devant c23 et genant le trafic.,1
collision aviaire sur b6,1
deroutement vol annecy/ory d'airlinair suite odeur de brule a bord.,1
un tournevis retrouve sur tf,1
piece en inox retrouvee a proximite de la ligne de guidage a23.,1
malade a bord zi 784,1
non respect des consignes de l'atc par thy 1806,1
qrf du vol jfu2527.,1
pb technique vol lbt 3164,1
etat d'alerte sur vol sn 3587 bru.,1
qrp vol tu751,1
etat d'alerte sur vol af f100. vol deroute.,1
boitier electrique arrache au seuil de la 18r.,1
remise de gaz vol ezy3195/stn,1
remise de gaz vol af 7648,1
qrp vol af 7826,1
"au point d'arret a5, cote gauche a moitie eteint.",1
mauvais placement en golf,1
qrf vol lh 4187,1
urgence medicale vol af 7827,1
urgence medicale vol af 5783,1
"qrf vol dah1130/bsk., suite crise cardiaque.",1
sac plastique sur llz 36l,1
recuperation d'une protection en mousse sur18r,1
vol 3479 zrh casse 2 balises sur 36l,1
fuite hydraulique sur b767 ups en f7.,1
un bidon en plastique ramasse au niveau du glide 36l,1
materiel avp genant le dechargement d'ah,1
qrf vol af 5897,1
deversement kerosene sur c63,1
mauvais placement a330 en c62,1
"l'emb 190 en a21 est en retrait 1,50m.",1
materiel et agent au milieu du twy,1
qrp : rla 316 : suite probleme technique.,1
qrf bzh 5918,1
2 camions galys coupe la route du vol af7869,1
2 balises sur b6 hs,1
materiel hr genant,1
materiel avp genant en c23,1
materiel avp genant en c81,1
qrf vol crl 958 mru (b744) cause voyant soute ouverte.,1
qrf atr airlinair,1
qrf vol rae 5442,1
grosse pierre sur b3,1
2 sacs de lest eventres en d46,1
1 sac de lest eventre en a31,1
graviers sur a23,1
urgence medicale et mauvais placement ah 1123,1
fod sur twy principal,1
2 feux hs sur b6,1
collision aeronef/camion en golf,1
etat d'alerte vol sas 1793,1
qrf vol ctm,1
bouteille ramassee sur t4,1
15 lampes hs sur ligne de guidage,1
malade a bord.,1
2 ctn corsair sur voie tgv,1
qrp af5788 probleme technique,1
tige en plastique flexible retrouvee sur la 18l au niveau de b5,1
incursion piste bmm 133,1
qrf vol tp417,1
